[2026-02-04 11:26:20] [INFO] === Face Recognition Monitor Started ===
[2026-02-04 11:26:20] [INFO] Monitor Version: 2.0 (Stable with Sudden Termination Handling)
[2026-02-04 11:26:20] [INFO] Start Time: 08:00
[2026-02-04 11:26:20] [INFO] End Time: 11:22
[2026-02-04 11:26:20] [INFO] Worker Script: D:\RaihanFarid\Dokumen\faceRecog\ProjectKnowledgeBase\active\projects\maskRecog\patterns\scripts\1_magick\maskDetect-portable.ps1
[2026-02-04 11:26:20] [INFO] Python Script: D:\RaihanFarid\Dokumen\faceRecog\ProjectKnowledgeBase\active\projects\maskRecog\patterns\algorithm\entry_multi-USED-Magick.py
[2026-02-04 11:26:20] [INFO] Performing startup cleanup check...
[2026-02-04 11:26:20] [INFO] Loaded sudden termination tracking: 0 total events, current streak: 0
[2026-02-04 11:26:20] [INFO] No orphaned processes found on startup
[2026-02-04 11:26:20] [INFO] Testing email configuration...
[2026-02-04 11:26:20] [SUCCESS] Found 2 email recipient(s)
[2026-02-04 11:26:20] [INFO] Configured languages: Bahasa, English
[2026-02-04 11:26:20] [SUCCESS] Email credential file found and loaded successfully
[2026-02-04 11:26:20] [WARN] WARNING: MailKit assembly not found. Attempting alternative loading methods...
[2026-02-04 11:26:20] [ERROR] ERROR: MailKit is not available. Please install MailKit via NuGet: Install-Package MailKit
[2026-02-04 11:26:20] [ERROR] You can also download MailKit.dll and place it in the script directory
[2026-02-04 11:26:20] [INFO] GMAIL CONFIGURATION NOTES:
[2026-02-04 11:26:20] [INFO] - Using SMTP: smtp.gmail.com:587
[2026-02-04 11:26:20] [INFO] - SSL Enabled: True
[2026-02-04 11:26:20] [INFO] - Make sure you're using an App Password, not your regular password
[2026-02-04 11:26:20] [INFO] - Gmail attachment limit: 25 MB total
[2026-02-04 11:26:20] [ERROR] Email configuration invalid. Emails will not be sent.
[2026-02-04 11:26:20] [DEBUG] No PID tracking file found
[2026-02-04 11:26:20] [DEBUG] Check: 11:26:20 | Window: Inactive | Python: Stopped
[2026-02-04 11:26:21] [INFO] End time reached - no active processes to stop
[2026-02-04 11:26:21] [INFO] Initiating graceful shutdown: Schedule completed
[2026-02-04 11:26:21] [DEBUG] Sudden termination tracking saved
[2026-02-04 11:26:21] [DEBUG] Sudden termination tracking saved
[2026-02-04 11:26:21] [SUCCESS] Graceful shutdown completed successfully
[2026-02-04 11:26:21] [INFO] Process completed. Stopping monitor as configured...
[2026-02-04 11:26:21] [INFO] Cleaning up...
[2026-02-04 11:26:21] [INFO] === Face Recognition Monitor Stopped ===
[2026-02-04 11:50:50] [INFO] === Face Recognition Monitor Started ===
[2026-02-04 11:50:50] [INFO] Monitor Version: 2.1 (Enhanced with MailKit Verification)
[2026-02-04 11:50:50] [INFO] Performing early MailKit assembly verification...
[2026-02-04 11:50:51] [INFO] Generating MailKit status report...
[2026-02-04 11:50:51] [INFO] Starting MailKit assembly verification...
[2026-02-04 11:50:51] [INFO] Checking for portable MailKit DLLs...
[2026-02-04 11:50:51] [ERROR] Unexpected error during MailKit verification: A parameter cannot be found that matches parameter name 'and'.
[2026-02-04 11:50:51] [ERROR] FATAL ERROR: You cannot call a method on a null-valued expression.
[2026-02-04 11:50:51] [ERROR] at Get-MailKitStatusReport, D:\RaihanFarid\Dokumen\faceRecog\ProjectKnowledgeBase\active\projects\maskRecog\patterns\scripts\1_magick\0_monitor_email_Magick-exp1.ps1: line 694
at <ScriptBlock>, D:\RaihanFarid\Dokumen\faceRecog\ProjectKnowledgeBase\active\projects\maskRecog\patterns\scripts\1_magick\0_monitor_email_Magick-exp1.ps1: line 2846
[2026-02-04 11:50:51] [ERROR] Handling unexpected termination: Unhandled exception: You cannot call a method on a null-valued expression.
[2026-02-04 11:50:51] [ERROR] Error details: You cannot call a method on a null-valued expression.
[2026-02-04 11:50:51] [ERROR] Stack trace: at Get-MailKitStatusReport, D:\RaihanFarid\Dokumen\faceRecog\ProjectKnowledgeBase\active\projects\maskRecog\patterns\scripts\1_magick\0_monitor_email_Magick-exp1.ps1: line 694
at <ScriptBlock>, D:\RaihanFarid\Dokumen\faceRecog\ProjectKnowledgeBase\active\projects\maskRecog\patterns\scripts\1_magick\0_monitor_email_Magick-exp1.ps1: line 2846
[2026-02-04 11:50:51] [DEBUG] Sudden termination tracking saved
[2026-02-04 11:50:51] [DEBUG] Sudden termination tracking saved
[2026-02-04 11:50:51] [INFO] Cleaning up...
[2026-02-04 11:50:51] [INFO] === Face Recognition Monitor Stopped ===
[2026-02-04 13:11:44] [INFO] === Face Recognition Monitor Started ===
[2026-02-04 13:11:44] [INFO] Monitor Version: 2.1 (Enhanced with MailKit Verification)
[2026-02-04 13:11:44] [INFO] Performing early MailKit assembly verification...
[2026-02-04 13:11:44] [INFO] Generating MailKit status report...
[2026-02-04 13:11:44] [ERROR] FATAL ERROR: You cannot call a method on a null-valued expression.
[2026-02-04 13:11:44] [ERROR] at Get-MailKitStatusReport, D:\RaihanFarid\Dokumen\faceRecog\ProjectKnowledgeBase\active\projects\maskRecog\patterns\scripts\1_magick\0_monitor_email_Magick-exp1.ps1: line 789
at <ScriptBlock>, D:\RaihanFarid\Dokumen\faceRecog\ProjectKnowledgeBase\active\projects\maskRecog\patterns\scripts\1_magick\0_monitor_email_Magick-exp1.ps1: line 2955
[2026-02-04 13:11:44] [ERROR] Handling unexpected termination: Unhandled exception: You cannot call a method on a null-valued expression.
[2026-02-04 13:11:44] [ERROR] Error details: You cannot call a method on a null-valued expression.
[2026-02-04 13:11:44] [ERROR] Stack trace: at Get-MailKitStatusReport, D:\RaihanFarid\Dokumen\faceRecog\ProjectKnowledgeBase\active\projects\maskRecog\patterns\scripts\1_magick\0_monitor_email_Magick-exp1.ps1: line 789
at <ScriptBlock>, D:\RaihanFarid\Dokumen\faceRecog\ProjectKnowledgeBase\active\projects\maskRecog\patterns\scripts\1_magick\0_monitor_email_Magick-exp1.ps1: line 2955
[2026-02-04 13:11:44] [DEBUG] Sudden termination tracking saved
[2026-02-04 13:11:45] [DEBUG] Sudden termination tracking saved
[2026-02-04 13:11:45] [INFO] Cleaning up...
[2026-02-04 13:11:45] [INFO] === Face Recognition Monitor Stopped ===
[2026-02-04 13:22:13] [INFO] === Face Recognition Monitor Started ===
[2026-02-04 13:22:13] [INFO] Monitor Version: 2.1 (Enhanced with MailKit Verification)
[2026-02-04 13:22:13] [INFO] Performing early MailKit assembly verification...
[2026-02-04 13:22:13] [INFO] Generating MailKit status report...
[2026-02-04 13:22:13] [ERROR] FATAL ERROR: You cannot call a method on a null-valued expression.
[2026-02-04 13:22:13] [ERROR] at Get-MailKitStatusReport, D:\RaihanFarid\Dokumen\faceRecog\ProjectKnowledgeBase\active\projects\maskRecog\patterns\scripts\1_magick\0_monitor_email_Magick-exp1.ps1: line 789
at <ScriptBlock>, D:\RaihanFarid\Dokumen\faceRecog\ProjectKnowledgeBase\active\projects\maskRecog\patterns\scripts\1_magick\0_monitor_email_Magick-exp1.ps1: line 2969
[2026-02-04 13:22:13] [ERROR] Handling unexpected termination: Unhandled exception: You cannot call a method on a null-valued expression.
[2026-02-04 13:22:13] [ERROR] Error details: You cannot call a method on a null-valued expression.
[2026-02-04 13:22:13] [ERROR] Stack trace: at Get-MailKitStatusReport, D:\RaihanFarid\Dokumen\faceRecog\ProjectKnowledgeBase\active\projects\maskRecog\patterns\scripts\1_magick\0_monitor_email_Magick-exp1.ps1: line 789
at <ScriptBlock>, D:\RaihanFarid\Dokumen\faceRecog\ProjectKnowledgeBase\active\projects\maskRecog\patterns\scripts\1_magick\0_monitor_email_Magick-exp1.ps1: line 2969
[2026-02-04 13:22:13] [DEBUG] Sudden termination tracking saved
[2026-02-04 13:22:13] [DEBUG] Sudden termination tracking saved
[2026-02-04 13:22:13] [INFO] Cleaning up...
[2026-02-04 13:22:14] [INFO] === Face Recognition Monitor Stopped ===
[2026-02-04 13:23:21] [INFO] === Face Recognition Monitor Started ===
[2026-02-04 13:23:21] [INFO] Monitor Version: 2.1 (Enhanced with MailKit Verification)
[2026-02-04 13:23:21] [INFO] Performing early MailKit assembly verification...
[2026-02-04 13:23:21] [INFO] Generating MailKit status report...
[2026-02-04 13:23:21] [ERROR] FATAL ERROR: You cannot call a method on a null-valued expression.
[2026-02-04 13:23:21] [ERROR] at Get-MailKitStatusReport, D:\RaihanFarid\Dokumen\faceRecog\ProjectKnowledgeBase\active\projects\maskRecog\patterns\scripts\1_magick\0_monitor_email_Magick-exp1.ps1: line 789
at <ScriptBlock>, D:\RaihanFarid\Dokumen\faceRecog\ProjectKnowledgeBase\active\projects\maskRecog\patterns\scripts\1_magick\0_monitor_email_Magick-exp1.ps1: line 2968
[2026-02-04 13:23:21] [ERROR] Handling unexpected termination: Unhandled exception: You cannot call a method on a null-valued expression.
[2026-02-04 13:23:21] [ERROR] Error details: You cannot call a method on a null-valued expression.
[2026-02-04 13:23:21] [ERROR] Stack trace: at Get-MailKitStatusReport, D:\RaihanFarid\Dokumen\faceRecog\ProjectKnowledgeBase\active\projects\maskRecog\patterns\scripts\1_magick\0_monitor_email_Magick-exp1.ps1: line 789
at <ScriptBlock>, D:\RaihanFarid\Dokumen\faceRecog\ProjectKnowledgeBase\active\projects\maskRecog\patterns\scripts\1_magick\0_monitor_email_Magick-exp1.ps1: line 2968
[2026-02-04 13:23:21] [DEBUG] Sudden termination tracking saved
[2026-02-04 13:23:21] [DEBUG] Sudden termination tracking saved
[2026-02-04 13:23:21] [INFO] Cleaning up...
[2026-02-04 13:23:21] [INFO] === Face Recognition Monitor Stopped ===
[2026-02-04 13:30:07] [INFO] === Face Recognition Monitor Started ===
[2026-02-04 13:30:07] [INFO] Monitor Version: 2.1 (Enhanced with MailKit Verification)
[2026-02-04 13:30:07] [INFO] Performing early MailKit assembly verification...
[2026-02-04 13:30:07] [INFO] Generating MailKit status report...
[2026-02-04 13:30:08] [ERROR] FATAL ERROR: You cannot call a method on a null-valued expression.
[2026-02-04 13:30:08] [ERROR] at Get-MailKitStatusReport, D:\RaihanFarid\Dokumen\faceRecog\ProjectKnowledgeBase\active\projects\maskRecog\patterns\scripts\1_magick\0_monitor_email_Magick-exp1.ps1: line 789
at <ScriptBlock>, D:\RaihanFarid\Dokumen\faceRecog\ProjectKnowledgeBase\active\projects\maskRecog\patterns\scripts\1_magick\0_monitor_email_Magick-exp1.ps1: line 3009
[2026-02-04 13:30:08] [ERROR] Handling unexpected termination: Unhandled exception: You cannot call a method on a null-valued expression.
[2026-02-04 13:30:08] [ERROR] Error details: You cannot call a method on a null-valued expression.
[2026-02-04 13:30:08] [ERROR] Stack trace: at Get-MailKitStatusReport, D:\RaihanFarid\Dokumen\faceRecog\ProjectKnowledgeBase\active\projects\maskRecog\patterns\scripts\1_magick\0_monitor_email_Magick-exp1.ps1: line 789
at <ScriptBlock>, D:\RaihanFarid\Dokumen\faceRecog\ProjectKnowledgeBase\active\projects\maskRecog\patterns\scripts\1_magick\0_monitor_email_Magick-exp1.ps1: line 3009
[2026-02-04 13:30:08] [DEBUG] Sudden termination tracking saved
[2026-02-04 13:30:08] [DEBUG] Sudden termination tracking saved
[2026-02-04 13:30:08] [INFO] Cleaning up...
[2026-02-04 13:30:08] [INFO] === Face Recognition Monitor Stopped ===
[2026-02-04 13:31:18] [INFO] === Face Recognition Monitor Started ===
[2026-02-04 13:31:18] [INFO] Monitor Version: 2.1 (Enhanced with MailKit Verification)
[2026-02-04 13:31:18] [INFO] Performing early MailKit assembly verification...
[2026-02-04 13:31:18] [INFO] Generating MailKit status report...
[2026-02-04 13:31:18] [ERROR] FATAL ERROR: You cannot call a method on a null-valued expression.
[2026-02-04 13:31:18] [ERROR] at Get-MailKitStatusReport, D:\RaihanFarid\Dokumen\faceRecog\ProjectKnowledgeBase\active\projects\maskRecog\patterns\scripts\1_magick\0_monitor_email_Magick-exp1.ps1: line 789
at <ScriptBlock>, D:\RaihanFarid\Dokumen\faceRecog\ProjectKnowledgeBase\active\projects\maskRecog\patterns\scripts\1_magick\0_monitor_email_Magick-exp1.ps1: line 3009
[2026-02-04 13:31:18] [ERROR] Handling unexpected termination: Unhandled exception: You cannot call a method on a null-valued expression.
[2026-02-04 13:31:18] [ERROR] Error details: You cannot call a method on a null-valued expression.
[2026-02-04 13:31:18] [ERROR] Stack trace: at Get-MailKitStatusReport, D:\RaihanFarid\Dokumen\faceRecog\ProjectKnowledgeBase\active\projects\maskRecog\patterns\scripts\1_magick\0_monitor_email_Magick-exp1.ps1: line 789
at <ScriptBlock>, D:\RaihanFarid\Dokumen\faceRecog\ProjectKnowledgeBase\active\projects\maskRecog\patterns\scripts\1_magick\0_monitor_email_Magick-exp1.ps1: line 3009
[2026-02-04 13:31:18] [DEBUG] Sudden termination tracking saved
[2026-02-04 13:31:18] [DEBUG] Sudden termination tracking saved
[2026-02-04 13:31:18] [INFO] Cleaning up...
[2026-02-04 13:31:18] [INFO] === Face Recognition Monitor Stopped ===
[2026-02-04 13:36:50] [INFO] === Face Recognition Monitor Started ===
[2026-02-04 13:36:50] [INFO] Monitor Version: 2.1 (Enhanced with MailKit Verification)
[2026-02-04 13:36:50] [INFO] Performing early MailKit assembly verification...
[2026-02-04 13:36:51] [INFO] Generating MailKit status report...
[2026-02-04 13:36:51] [INFO] Starting MailKit assembly verification...
[2026-02-04 13:36:51] [INFO] MailKit is already loaded into current AppDomain
[2026-02-04 13:36:51] [DEBUG]   - MailKit Version: 4.14.0.0
[2026-02-04 13:36:51] [DEBUG]   - MimeKit Version: 4.14.0.0
[2026-02-04 13:36:51] [SUCCESS] MailKit is ready for email functionality
[2026-02-04 13:36:51] [INFO]   - Assembly: PreLoaded
[2026-02-04 13:36:51] [INFO]   - Version: 4.14.0.0
[2026-02-04 13:36:51] [INFO] Performing startup cleanup check...
[2026-02-04 13:36:51] [INFO] Loaded sudden termination tracking: 1 total events, current streak: 1
[2026-02-04 13:36:51] [INFO] No orphaned processes found on startup
[2026-02-04 13:36:51] [INFO] Testing email configuration with enhanced MailKit verification...
[2026-02-04 13:36:51] [INFO] Generating MailKit status report...
[2026-02-04 13:36:51] [INFO] Starting MailKit assembly verification...
[2026-02-04 13:36:51] [INFO] MailKit is already loaded into current AppDomain
[2026-02-04 13:36:51] [DEBUG]   - MailKit Version: 4.14.0.0
[2026-02-04 13:36:51] [DEBUG]   - MimeKit Version: 4.14.0.0
[2026-02-04 13:36:51] [INFO] Generating MailKit status report...
[2026-02-04 13:36:51] [INFO] Starting MailKit assembly verification...
[2026-02-04 13:36:51] [INFO] MailKit is already loaded into current AppDomain
[2026-02-04 13:36:51] [DEBUG]   - MailKit Version: 4.14.0.0
[2026-02-04 13:36:51] [DEBUG]   - MimeKit Version: 4.14.0.0
=== MAILKIT STATUS REPORT ===
Timestamp: 2026-02-04 13:36:51
Overall Status: READY

ASSEMBLY STATUS:
- Available: True
- Load Method: PreLoaded
- MailKit Version: 4.14.0.0
- MimeKit Version: 4.14.0.0
- Dependencies: True

CONFIGURATION STATUS:
- Email Enabled: True
- SMTP Configured: True
- Credential File: True
- Recipients: True
- SMTP Server: smtp.gmail.com
- SMTP Port: 587
- SSL: True

SYSTEM INFORMATION:
- PowerShell: 7.5.4
- CLR: Unknown
- OS: Microsoft Windows NT 10.0.26200.0
- Host: MIS02

RECOMMENDATIONS:

[2026-02-04 13:36:51] [INFO] MailKit status report written to log
[2026-02-04 13:36:51] [INFO] Verifying MailKit assembly...
[2026-02-04 13:36:51] [SUCCESS] MailKit assembly verification PASSED
[2026-02-04 13:36:51] [INFO]   - Load Method: PreLoaded
[2026-02-04 13:36:51] [INFO]   - MailKit Version: 4.14.0.0
[2026-02-04 13:36:51] [INFO]   - MimeKit Version: 4.14.0.0
[2026-02-04 13:36:51] [INFO] Verifying SMTP configuration...
[2026-02-04 13:36:51] [SUCCESS] SMTP configuration verification PASSED
[2026-02-04 13:36:51] [INFO]   - Server: smtp.gmail.com:587
[2026-02-04 13:36:51] [INFO]   - SSL: True
[2026-02-04 13:36:51] [INFO] Verifying email recipients...
[2026-02-04 13:36:51] [SUCCESS] Found 2 email recipient(s)
[2026-02-04 13:36:52] [INFO] Verifying email credentials...
[2026-02-04 13:36:52] [SUCCESS] Email credential verification PASSED
[2026-02-04 13:36:52] [INFO]   - Credential file: C:\Users\MIS2\.face-recog\email-credential.xml
[2026-02-04 13:36:52] [INFO] GMAIL CONFIGURATION NOTES:
[2026-02-04 13:36:52] [INFO] - Using SMTP: smtp.gmail.com:587
[2026-02-04 13:36:52] [INFO] - SSL Enabled: True
[2026-02-04 13:36:52] [INFO] - Ensure you're using an App Password, not your regular password
[2026-02-04 13:36:52] [INFO] - Gmail attachment limit: 25 MB total
[2026-02-04 13:36:52] [INFO] - Enable 2-Step Verification in Google Account
[2026-02-04 13:36:52] [INFO] - Generate App Password: https://myaccount.google.com/apppasswords
[2026-02-04 13:36:52] [SUCCESS] Email configuration validation COMPLETE
[2026-02-04 13:36:52] [INFO] Overall status: READY
[2026-02-04 13:41:36] [INFO] Cleaning up...
[2026-02-04 13:41:36] [INFO] === Face Recognition Monitor Stopped ===
[2026-02-04 13:42:00] [INFO] === Face Recognition Monitor Started ===
[2026-02-04 13:42:00] [INFO] Monitor Version: 2.1 (Enhanced with MailKit Verification)
[2026-02-04 13:42:00] [INFO] Performing early MailKit assembly verification...
[2026-02-04 13:42:00] [INFO] Generating MailKit status report...
[2026-02-04 13:42:00] [INFO] Starting MailKit assembly verification...
[2026-02-04 13:42:00] [INFO] MailKit is already loaded into current AppDomain
[2026-02-04 13:42:00] [DEBUG]   - MailKit Version: 4.14.0.0
[2026-02-04 13:42:00] [DEBUG]   - MimeKit Version: 4.14.0.0
[2026-02-04 13:42:00] [SUCCESS] MailKit is ready for email functionality
[2026-02-04 13:42:00] [INFO]   - Assembly: PreLoaded
[2026-02-04 13:42:01] [INFO]   - Version: 4.14.0.0
[2026-02-04 13:42:01] [INFO] Performing startup cleanup check...
[2026-02-04 13:42:01] [INFO] Loaded sudden termination tracking: 1 total events, current streak: 1
[2026-02-04 13:42:01] [INFO] No orphaned processes found on startup
[2026-02-04 13:42:01] [INFO] Testing email configuration with enhanced MailKit verification...
[2026-02-04 13:42:01] [INFO] Generating MailKit status report...
[2026-02-04 13:42:01] [INFO] Starting MailKit assembly verification...
[2026-02-04 13:42:01] [INFO] MailKit is already loaded into current AppDomain
[2026-02-04 13:42:01] [DEBUG]   - MailKit Version: 4.14.0.0
[2026-02-04 13:42:01] [DEBUG]   - MimeKit Version: 4.14.0.0
[2026-02-04 13:42:01] [INFO] Generating MailKit status report...
[2026-02-04 13:42:01] [INFO] Starting MailKit assembly verification...
[2026-02-04 13:42:01] [INFO] MailKit is already loaded into current AppDomain
[2026-02-04 13:42:01] [DEBUG]   - MailKit Version: 4.14.0.0
[2026-02-04 13:42:01] [DEBUG]   - MimeKit Version: 4.14.0.0
=== MAILKIT STATUS REPORT ===
Timestamp: 2026-02-04 13:42:01
Overall Status: READY

ASSEMBLY STATUS:
- Available: True
- Load Method: PreLoaded
- MailKit Version: 4.14.0.0
- MimeKit Version: 4.14.0.0
- Dependencies: True

CONFIGURATION STATUS:
- Email Enabled: True
- SMTP Configured: True
- Credential File: True
- Recipients: True
- SMTP Server: smtp.gmail.com
- SMTP Port: 587
- SSL: True

SYSTEM INFORMATION:
- PowerShell: 7.5.4
- CLR: Unknown
- OS: Microsoft Windows NT 10.0.26200.0
- Host: MIS02

RECOMMENDATIONS:

[2026-02-04 13:42:01] [INFO] MailKit status report written to log
[2026-02-04 13:42:01] [INFO] Verifying MailKit assembly...
[2026-02-04 13:42:01] [SUCCESS] MailKit assembly verification PASSED
[2026-02-04 13:42:01] [INFO]   - Load Method: PreLoaded
[2026-02-04 13:42:01] [INFO]   - MailKit Version: 4.14.0.0
[2026-02-04 13:42:01] [INFO]   - MimeKit Version: 4.14.0.0
[2026-02-04 13:42:01] [INFO] Verifying SMTP configuration...
[2026-02-04 13:42:01] [SUCCESS] SMTP configuration verification PASSED
[2026-02-04 13:42:01] [INFO]   - Server: smtp.gmail.com:587
[2026-02-04 13:42:01] [INFO]   - SSL: True
[2026-02-04 13:42:01] [INFO] Verifying email recipients...
[2026-02-04 13:42:01] [SUCCESS] Found 2 email recipient(s)
[2026-02-04 13:42:01] [INFO] Verifying email credentials...
[2026-02-04 13:42:01] [SUCCESS] Email credential verification PASSED
[2026-02-04 13:42:01] [INFO]   - Credential file: C:\Users\MIS2\.face-recog\email-credential.xml
[2026-02-04 13:42:01] [INFO] GMAIL CONFIGURATION NOTES:
[2026-02-04 13:42:01] [INFO] - Using SMTP: smtp.gmail.com:587
[2026-02-04 13:42:01] [INFO] - SSL Enabled: True
[2026-02-04 13:42:01] [INFO] - Ensure you're using an App Password, not your regular password
[2026-02-04 13:42:01] [INFO] - Gmail attachment limit: 25 MB total
[2026-02-04 13:42:01] [INFO] - Enable 2-Step Verification in Google Account
[2026-02-04 13:42:01] [INFO] - Generate App Password: https://myaccount.google.com/apppasswords
[2026-02-04 13:42:01] [SUCCESS] Email configuration validation COMPLETE
[2026-02-04 13:42:01] [INFO] Overall status: READY
[2026-02-04 13:42:06] [INFO] User requested test email...
[2026-02-04 13:42:06] [INFO] Starting MailKit email sending test...
[2026-02-04 13:42:06] [INFO] Testing MailKit assembly availability...
[2026-02-04 13:42:06] [INFO] Starting MailKit assembly verification...
[2026-02-04 13:42:06] [INFO] MailKit is already loaded into current AppDomain
[2026-02-04 13:42:06] [DEBUG]   - MailKit Version: 4.14.0.0
[2026-02-04 13:42:06] [DEBUG]   - MimeKit Version: 4.14.0.0
[2026-02-04 13:42:06] [SUCCESS] Assembly test PASSED
[2026-02-04 13:42:07] [INFO] Testing email credential availability...
[2026-02-04 13:42:07] [SUCCESS] Credential test PASSED
[2026-02-04 13:42:07] [INFO] Testing SMTP configuration...
[2026-02-04 13:42:07] [SUCCESS] SMTP configuration test PASSED
[2026-02-04 13:42:07] [SUCCESS] All pre-flight checks PASSED (test email not sent)
[2026-02-04 13:42:07] [SUCCESS] Email functionality fully verified and ready!
[2026-02-04 13:42:07] [SUCCESS] Email configuration validated successfully
[2026-02-04 13:42:07] [DEBUG] No PID tracking file found
[2026-02-04 13:42:07] [DEBUG] Check: 13:42:07 | Window: Active | Python: Stopped
[2026-02-04 13:42:07] [DEBUG] Check: 13:42:07 | Window: Active | Python: Stopped
[2026-02-04 13:42:07] [INFO] Time window active and no Python process running - starting worker...
[2026-02-04 13:42:07] [DEBUG] Searching for Python process...
[2026-02-04 13:42:07] [DEBUG] No Python process found matching criteria
[2026-02-04 13:42:07] [INFO] Starting face recognition worker process...
[2026-02-04 13:42:07] [SUCCESS] Worker process started (PID: 24248)
[2026-02-04 13:42:07] [INFO] Waiting for Python process to start...
[2026-02-04 13:42:07] [DEBUG] Searching for Python process...
[2026-02-04 13:42:07] [DEBUG] No Python process found matching criteria
[2026-02-04 13:42:09] [DEBUG] Searching for Python process...
[2026-02-04 13:42:10] [SUCCESS] Found Python process with our script: PID=18300
[2026-02-04 13:42:10] [SUCCESS] Python process found (PID: 18300)
[2026-02-04 13:42:10] [DEBUG] PID tracking saved: WorkerPID=24248, PythonPID=18300
[2026-02-04 13:42:10] [SUCCESS] Worker started. Monitoring Python process...
[2026-02-04 13:42:25] [DEBUG] Check: 13:42:25 | Window: Active | Python: Running (PID: 18300)
[2026-02-04 13:42:40] [INFO] Generating MailKit status report...
[2026-02-04 13:42:40] [INFO] Starting MailKit assembly verification...
[2026-02-04 13:42:40] [INFO] MailKit is already loaded into current AppDomain
[2026-02-04 13:42:40] [DEBUG]   - MailKit Version: 4.14.0.0
[2026-02-04 13:42:40] [DEBUG]   - MimeKit Version: 4.14.0.0
[2026-02-04 13:42:41] [DEBUG] Check: 13:42:40 | Window: Active | Python: Running (PID: 18300)
[2026-02-04 13:42:56] [DEBUG] Check: 13:42:56 | Window: Active | Python: Running (PID: 18300)
[2026-02-04 13:43:11] [DEBUG] Searching for Python process...
[2026-02-04 13:43:11] [DEBUG] No Python process found matching criteria
[2026-02-04 13:43:11] [DEBUG] Check: 13:43:11 | Window: Active | Python: Stopped
[2026-02-04 13:43:11] [DEBUG] Check: 13:43:11 | Window: Active | Python: Stopped
[2026-02-04 13:43:11] [INFO] Time window active and no Python process running - starting worker...
[2026-02-04 13:43:11] [DEBUG] Searching for Python process...
[2026-02-04 13:43:11] [DEBUG] No Python process found matching criteria
[2026-02-04 13:43:11] [INFO] Starting face recognition worker process...
[2026-02-04 13:43:11] [SUCCESS] Worker process started (PID: 39088)
[2026-02-04 13:43:11] [INFO] Waiting for Python process to start...
[2026-02-04 13:43:11] [DEBUG] Searching for Python process...
[2026-02-04 13:43:11] [DEBUG] No Python process found matching criteria
[2026-02-04 13:43:13] [DEBUG] Searching for Python process...
[2026-02-04 13:43:14] [SUCCESS] Found Python process with our script: PID=13580
[2026-02-04 13:43:14] [SUCCESS] Python process found (PID: 13580)
[2026-02-04 13:43:14] [DEBUG] PID tracking saved: WorkerPID=39088, PythonPID=13580
[2026-02-04 13:43:14] [SUCCESS] Worker started. Monitoring Python process...
[2026-02-04 13:43:29] [DEBUG] Check: 13:43:29 | Window: Active | Python: Running (PID: 13580)
[2026-02-04 13:43:44] [DEBUG] Check: 13:43:44 | Window: Active | Python: Running (PID: 13580)
[2026-02-04 13:43:59] [DEBUG] Check: 13:43:59 | Window: Active | Python: Running (PID: 13580)
[2026-02-04 13:44:14] [DEBUG] Check: 13:44:14 | Window: Inactive | Python: Running (PID: 13580)
[2026-02-04 13:44:14] [INFO] End time reached - stopping processes...
[2026-02-04 13:44:14] [INFO] Stopping Python process (PID: 13580)...
[2026-02-04 13:44:16] [WARN] Forcefully terminating Python process...
[2026-02-04 13:44:16] [SUCCESS] Python process terminated
[2026-02-04 13:44:16] [INFO] Stopping worker process (PID: 39088)...
[2026-02-04 13:44:18] [SUCCESS] Worker process exited gracefully
[2026-02-04 13:44:18] [DEBUG] Removed PID tracking file
[2026-02-04 13:44:18] [INFO] Stopped processes: Python, Worker
[2026-02-04 13:44:18] [INFO] Waiting for output generation...
[2026-02-04 13:44:28] [INFO] Validating worker output...
[2026-02-04 13:44:28] [INFO] Validating face recognition output structure...
[2026-02-04 13:44:28] [INFO] Validating folder structure for: Magick_Process_MaskDetect_2026-02-04_09-43-55
[2026-02-04 13:44:28] [DEBUG] Found subfolder: logs
[2026-02-04 13:44:28] [DEBUG] Found subfolder: script_output
[2026-02-04 13:44:28] [DEBUG] Metadata file is valid JSON
[2026-02-04 13:44:28] [DEBUG] Metadata file size: 1.33 KB
[2026-02-04 13:44:28] [DEBUG] Found 3 log files
[2026-02-04 13:44:28] [DEBUG] completion_summary.txt size: 4.38 KB
[2026-02-04 13:44:28] [DEBUG] python_output.txt size: 41.91 KB
[2026-02-04 13:44:28] [DEBUG] Latest run log: run_2026-02-04_09-43-55.log (2.66 KB)
[2026-02-04 13:44:28] [DEBUG] Script output contains 1 items
[2026-02-04 13:44:28] [DEBUG] Total folder size: 0.05 MB
[2026-02-04 13:44:28] [DEBUG] Total attachment size: 0.01 MB
[2026-02-04 13:44:28] [SUCCESS] VALIDATION SUCCESS: Folder structure complete
[2026-02-04 13:44:28] [SUCCESS]   - Path: D:\RaihanFarid\Dokumen\faceRecog\ProjectKnowledgeBase\active\logs-running\magick\Magick_Process_MaskDetect_2026-02-04_09-43-55
[2026-02-04 13:44:28] [SUCCESS]   - Created: 02/04/2026 09:43:55
[2026-02-04 13:44:29] [SUCCESS]   - Size: 0.05 MB
[2026-02-04 13:44:29] [SUCCESS]   - Attachments: 0.01 MB
[2026-02-04 13:44:29] [DEBUG] Configuration backed up to: D:\RaihanFarid\Dokumen\faceRecog\ProjectKnowledgeBase\active\logs-running\magick\config_backup_20260204_134429.json
[2026-02-04 13:44:29] [INFO] Preparing to send completion notifications to 2 recipient(s) using MailKit...
[2026-02-04 13:44:29] [DEBUG] Email credential loaded from C:\Users\MIS2\.face-recog\email-credential.xml
[2026-02-04 13:44:29] [DEBUG] Found latest run log: run_2026-02-04_09-43-55.log
[2026-02-04 13:44:29] [DEBUG] Found metadata.json
[2026-02-04 13:44:29] [INFO] Sending emails in 2 different language(s) using MailKit
[2026-02-04 13:44:29] [INFO] Sending Bahasa email to: ikeepmypromiz@gmail.com
[2026-02-04 13:44:29] [ERROR] Failed to send email using MailKit: 'ContentType' is a ReadOnly property.
[2026-02-04 13:44:29] [ERROR] Failed to send Bahasa email to 1 recipient(s) using MailKit
[2026-02-04 13:44:29] [INFO] Sending English email to: faridraihan17@gmail.com
[2026-02-04 13:44:29] [ERROR] Failed to send email using MailKit: 'ContentType' is a ReadOnly property.
[2026-02-04 13:44:29] [ERROR] Failed to send English email to 1 recipient(s) using MailKit
[2026-02-04 13:44:29] [ERROR] All emails failed to send using MailKit
[2026-02-04 13:44:29] [WARN] Failed to send some or all completion emails, but process completed successfully.
[2026-02-04 13:44:29] [SUCCESS] Face recognition pipeline completed successfully!
[2026-02-04 13:44:29] [INFO] Initiating graceful shutdown: Schedule completed
[2026-02-04 13:44:29] [DEBUG] Sudden termination tracking saved
[2026-02-04 13:44:29] [DEBUG] Sudden termination tracking saved
[2026-02-04 13:44:29] [SUCCESS] Graceful shutdown completed successfully
[2026-02-04 13:44:29] [INFO] Process completed. Stopping monitor as configured...
[2026-02-04 13:44:29] [INFO] Cleaning up...
[2026-02-04 13:44:29] [INFO] === Face Recognition Monitor Stopped ===
[2026-02-04 13:56:22] [INFO] === Face Recognition Monitor Started ===
[2026-02-04 13:56:22] [INFO] Monitor Version: 2.1 (Enhanced with MailKit Verification)
[2026-02-04 13:56:22] [INFO] Performing early MailKit assembly verification...
[2026-02-04 13:56:22] [INFO] Generating MailKit status report...
[2026-02-04 13:56:22] [INFO] Starting MailKit assembly verification...
[2026-02-04 13:56:22] [INFO] MailKit is already loaded into current AppDomain
[2026-02-04 13:56:22] [DEBUG]   - MailKit Version: 4.14.0.0
[2026-02-04 13:56:22] [DEBUG]   - MimeKit Version: 4.14.0.0
[2026-02-04 13:56:22] [SUCCESS] MailKit is ready for email functionality
[2026-02-04 13:56:22] [INFO]   - Assembly: PreLoaded
[2026-02-04 13:56:22] [INFO]   - Version: 4.14.0.0
[2026-02-04 13:56:22] [INFO] Performing startup cleanup check...
[2026-02-04 13:56:22] [INFO] Loaded sudden termination tracking: 1 total events, current streak: 0
[2026-02-04 13:56:22] [INFO] No orphaned processes found on startup
[2026-02-04 13:56:22] [INFO] Testing email configuration with enhanced MailKit verification...
[2026-02-04 13:56:22] [INFO] Generating MailKit status report...
[2026-02-04 13:56:22] [INFO] Starting MailKit assembly verification...
[2026-02-04 13:56:22] [INFO] MailKit is already loaded into current AppDomain
[2026-02-04 13:56:22] [DEBUG]   - MailKit Version: 4.14.0.0
[2026-02-04 13:56:22] [DEBUG]   - MimeKit Version: 4.14.0.0
[2026-02-04 13:56:22] [INFO] Generating MailKit status report...
[2026-02-04 13:56:23] [INFO] Starting MailKit assembly verification...
[2026-02-04 13:56:23] [INFO] MailKit is already loaded into current AppDomain
[2026-02-04 13:56:23] [DEBUG]   - MailKit Version: 4.14.0.0
[2026-02-04 13:56:23] [DEBUG]   - MimeKit Version: 4.14.0.0
=== MAILKIT STATUS REPORT ===
Timestamp: 2026-02-04 13:56:23
Overall Status: READY

ASSEMBLY STATUS:
- Available: True
- Load Method: PreLoaded
- MailKit Version: 4.14.0.0
- MimeKit Version: 4.14.0.0
- Dependencies: True

CONFIGURATION STATUS:
- Email Enabled: True
- SMTP Configured: True
- Credential File: True
- Recipients: True
- SMTP Server: smtp.gmail.com
- SMTP Port: 587
- SSL: True

SYSTEM INFORMATION:
- PowerShell: 7.5.4
- CLR: Unknown
- OS: Microsoft Windows NT 10.0.26200.0
- Host: MIS02

RECOMMENDATIONS:

[2026-02-04 13:56:23] [INFO] MailKit status report written to log
[2026-02-04 13:56:23] [INFO] Verifying MailKit assembly...
[2026-02-04 13:56:23] [SUCCESS] MailKit assembly verification PASSED
[2026-02-04 13:56:23] [INFO]   - Load Method: PreLoaded
[2026-02-04 13:56:23] [INFO]   - MailKit Version: 4.14.0.0
[2026-02-04 13:56:23] [INFO]   - MimeKit Version: 4.14.0.0
[2026-02-04 13:56:23] [INFO] Verifying SMTP configuration...
[2026-02-04 13:56:23] [SUCCESS] SMTP configuration verification PASSED
[2026-02-04 13:56:23] [INFO]   - Server: smtp.gmail.com:587
[2026-02-04 13:56:23] [INFO]   - SSL: True
[2026-02-04 13:56:23] [INFO] Verifying email recipients...
[2026-02-04 13:56:23] [SUCCESS] Found 2 email recipient(s)
[2026-02-04 13:56:23] [INFO] Verifying email credentials...
[2026-02-04 13:56:23] [SUCCESS] Email credential verification PASSED
[2026-02-04 13:56:23] [INFO]   - Credential file: C:\Users\MIS2\.face-recog\email-credential.xml
[2026-02-04 13:56:23] [INFO] GMAIL CONFIGURATION NOTES:
[2026-02-04 13:56:23] [INFO] - Using SMTP: smtp.gmail.com:587
[2026-02-04 13:56:23] [INFO] - SSL Enabled: True
[2026-02-04 13:56:23] [INFO] - Ensure you're using an App Password, not your regular password
[2026-02-04 13:56:23] [INFO] - Gmail attachment limit: 25 MB total
[2026-02-04 13:56:23] [INFO] - Enable 2-Step Verification in Google Account
[2026-02-04 13:56:23] [INFO] - Generate App Password: https://myaccount.google.com/apppasswords
[2026-02-04 13:56:23] [SUCCESS] Email configuration validation COMPLETE
[2026-02-04 13:56:23] [INFO] Overall status: READY
[2026-02-04 13:56:30] [INFO] Cleaning up...
[2026-02-04 13:56:30] [INFO] === Face Recognition Monitor Stopped ===
[2026-02-04 13:57:05] [INFO] === Face Recognition Monitor Started ===
[2026-02-04 13:57:05] [INFO] Monitor Version: 2.1 (Enhanced with MailKit Verification)
[2026-02-04 13:57:05] [INFO] Performing early MailKit assembly verification...
[2026-02-04 13:57:05] [INFO] Generating MailKit status report...
[2026-02-04 13:57:05] [INFO] Starting MailKit assembly verification...
[2026-02-04 13:57:05] [INFO] MailKit is already loaded into current AppDomain
[2026-02-04 13:57:05] [DEBUG]   - MailKit Version: 4.14.0.0
[2026-02-04 13:57:05] [DEBUG]   - MimeKit Version: 4.14.0.0
[2026-02-04 13:57:05] [SUCCESS] MailKit is ready for email functionality
[2026-02-04 13:57:05] [INFO]   - Assembly: PreLoaded
[2026-02-04 13:57:05] [INFO]   - Version: 4.14.0.0
[2026-02-04 13:57:06] [INFO] Performing startup cleanup check...
[2026-02-04 13:57:06] [INFO] Loaded sudden termination tracking: 1 total events, current streak: 0
[2026-02-04 13:57:06] [INFO] No orphaned processes found on startup
[2026-02-04 13:57:06] [INFO] Testing email configuration with enhanced MailKit verification...
[2026-02-04 13:57:06] [INFO] Generating MailKit status report...
[2026-02-04 13:57:06] [INFO] Starting MailKit assembly verification...
[2026-02-04 13:57:06] [INFO] MailKit is already loaded into current AppDomain
[2026-02-04 13:57:06] [DEBUG]   - MailKit Version: 4.14.0.0
[2026-02-04 13:57:06] [DEBUG]   - MimeKit Version: 4.14.0.0
[2026-02-04 13:57:06] [INFO] Generating MailKit status report...
[2026-02-04 13:57:06] [INFO] Starting MailKit assembly verification...
[2026-02-04 13:57:06] [INFO] MailKit is already loaded into current AppDomain
[2026-02-04 13:57:06] [DEBUG]   - MailKit Version: 4.14.0.0
[2026-02-04 13:57:06] [DEBUG]   - MimeKit Version: 4.14.0.0
=== MAILKIT STATUS REPORT ===
Timestamp: 2026-02-04 13:57:06
Overall Status: READY

ASSEMBLY STATUS:
- Available: True
- Load Method: PreLoaded
- MailKit Version: 4.14.0.0
- MimeKit Version: 4.14.0.0
- Dependencies: True

CONFIGURATION STATUS:
- Email Enabled: True
- SMTP Configured: True
- Credential File: True
- Recipients: True
- SMTP Server: smtp.gmail.com
- SMTP Port: 587
- SSL: True

SYSTEM INFORMATION:
- PowerShell: 7.5.4
- CLR: Unknown
- OS: Microsoft Windows NT 10.0.26200.0
- Host: MIS02

RECOMMENDATIONS:

[2026-02-04 13:57:06] [INFO] MailKit status report written to log
[2026-02-04 13:57:06] [INFO] Verifying MailKit assembly...
[2026-02-04 13:57:06] [SUCCESS] MailKit assembly verification PASSED
[2026-02-04 13:57:06] [INFO]   - Load Method: PreLoaded
[2026-02-04 13:57:06] [INFO]   - MailKit Version: 4.14.0.0
[2026-02-04 13:57:06] [INFO]   - MimeKit Version: 4.14.0.0
[2026-02-04 13:57:06] [INFO] Verifying SMTP configuration...
[2026-02-04 13:57:06] [SUCCESS] SMTP configuration verification PASSED
[2026-02-04 13:57:06] [INFO]   - Server: smtp.gmail.com:587
[2026-02-04 13:57:06] [INFO]   - SSL: True
[2026-02-04 13:57:06] [INFO] Verifying email recipients...
[2026-02-04 13:57:06] [SUCCESS] Found 2 email recipient(s)
[2026-02-04 13:57:06] [INFO] Verifying email credentials...
[2026-02-04 13:57:06] [SUCCESS] Email credential verification PASSED
[2026-02-04 13:57:06] [INFO]   - Credential file: C:\Users\MIS2\.face-recog\email-credential.xml
[2026-02-04 13:57:06] [INFO] GMAIL CONFIGURATION NOTES:
[2026-02-04 13:57:06] [INFO] - Using SMTP: smtp.gmail.com:587
[2026-02-04 13:57:06] [INFO] - SSL Enabled: True
[2026-02-04 13:57:06] [INFO] - Ensure you're using an App Password, not your regular password
[2026-02-04 13:57:06] [INFO] - Gmail attachment limit: 25 MB total
[2026-02-04 13:57:06] [INFO] - Enable 2-Step Verification in Google Account
[2026-02-04 13:57:06] [INFO] - Generate App Password: https://myaccount.google.com/apppasswords
[2026-02-04 13:57:06] [SUCCESS] Email configuration validation COMPLETE
[2026-02-04 13:57:06] [INFO] Overall status: READY
[2026-02-04 13:57:13] [INFO] Cleaning up...
[2026-02-04 13:57:13] [INFO] === Face Recognition Monitor Stopped ===
[2026-02-04 13:58:12] [INFO] === Face Recognition Monitor Started ===
[2026-02-04 13:58:12] [INFO] Monitor Version: 2.1 (Enhanced with MailKit Verification)
[2026-02-04 13:58:12] [INFO] Performing early MailKit assembly verification...
[2026-02-04 13:58:12] [INFO] Generating MailKit status report...
[2026-02-04 13:58:12] [INFO] Starting MailKit assembly verification...
[2026-02-04 13:58:12] [INFO] Checking for portable MailKit DLLs...
[2026-02-04 13:58:12] [INFO] Found portable DLLs in script directory
[2026-02-04 13:58:13] [DEBUG] Testing assembly loading...
[2026-02-04 13:58:13] [DEBUG]   - MimeKit loaded successfully
[2026-02-04 13:58:13] [DEBUG]   - MailKit loaded successfully
[2026-02-04 13:58:13] [SUCCESS] Portable MailKit verification PASSED
[2026-02-04 13:58:13] [DEBUG]   - Assembly Path: D:\RaihanFarid\Dokumen\faceRecog\ProjectKnowledgeBase\active\projects\maskRecog\patterns\scripts\1_magick
[2026-02-04 13:58:13] [DEBUG]   - MailKit Version: 4.14.0.0
[2026-02-04 13:58:13] [DEBUG]   - MimeKit Version: 4.14.0.0
[2026-02-04 13:58:13] [SUCCESS] MailKit is ready for email functionality
[2026-02-04 13:58:13] [INFO]   - Assembly: Portable
[2026-02-04 13:58:13] [INFO]   - Version: 4.14.0.0
[2026-02-04 13:58:13] [INFO] Performing startup cleanup check...
[2026-02-04 13:58:13] [INFO] Loaded sudden termination tracking: 1 total events, current streak: 0
[2026-02-04 13:58:13] [INFO] No orphaned processes found on startup
[2026-02-04 13:58:13] [INFO] Testing email configuration with enhanced MailKit verification...
[2026-02-04 13:58:13] [INFO] Generating MailKit status report...
[2026-02-04 13:58:13] [INFO] Starting MailKit assembly verification...
[2026-02-04 13:58:13] [INFO] MailKit is already loaded into current AppDomain
[2026-02-04 13:58:13] [DEBUG]   - MailKit Version: 4.14.0.0
[2026-02-04 13:58:13] [DEBUG]   - MimeKit Version: 4.14.0.0
[2026-02-04 13:58:13] [INFO] Generating MailKit status report...
[2026-02-04 13:58:13] [INFO] Starting MailKit assembly verification...
[2026-02-04 13:58:13] [INFO] MailKit is already loaded into current AppDomain
[2026-02-04 13:58:13] [DEBUG]   - MailKit Version: 4.14.0.0
[2026-02-04 13:58:13] [DEBUG]   - MimeKit Version: 4.14.0.0
=== MAILKIT STATUS REPORT ===
Timestamp: 2026-02-04 13:58:13
Overall Status: READY

ASSEMBLY STATUS:
- Available: True
- Load Method: PreLoaded
- MailKit Version: 4.14.0.0
- MimeKit Version: 4.14.0.0
- Dependencies: True

CONFIGURATION STATUS:
- Email Enabled: True
- SMTP Configured: True
- Credential File: True
- Recipients: True
- SMTP Server: smtp.gmail.com
- SMTP Port: 587
- SSL: True

SYSTEM INFORMATION:
- PowerShell: 7.5.4
- CLR: Unknown
- OS: Microsoft Windows NT 10.0.26200.0
- Host: MIS02

RECOMMENDATIONS:

[2026-02-04 13:58:13] [INFO] MailKit status report written to log
[2026-02-04 13:58:13] [INFO] Verifying MailKit assembly...
[2026-02-04 13:58:13] [SUCCESS] MailKit assembly verification PASSED
[2026-02-04 13:58:13] [INFO]   - Load Method: PreLoaded
[2026-02-04 13:58:13] [INFO]   - MailKit Version: 4.14.0.0
[2026-02-04 13:58:13] [INFO]   - MimeKit Version: 4.14.0.0
[2026-02-04 13:58:13] [INFO] Verifying SMTP configuration...
[2026-02-04 13:58:13] [SUCCESS] SMTP configuration verification PASSED
[2026-02-04 13:58:13] [INFO]   - Server: smtp.gmail.com:587
[2026-02-04 13:58:13] [INFO]   - SSL: True
[2026-02-04 13:58:13] [INFO] Verifying email recipients...
[2026-02-04 13:58:13] [SUCCESS] Found 2 email recipient(s)
[2026-02-04 13:58:13] [INFO] Verifying email credentials...
[2026-02-04 13:58:13] [SUCCESS] Email credential verification PASSED
[2026-02-04 13:58:13] [INFO]   - Credential file: C:\Users\MIS2\.face-recog\email-credential.xml
[2026-02-04 13:58:13] [INFO] GMAIL CONFIGURATION NOTES:
[2026-02-04 13:58:13] [INFO] - Using SMTP: smtp.gmail.com:587
[2026-02-04 13:58:13] [INFO] - SSL Enabled: True
[2026-02-04 13:58:13] [INFO] - Ensure you're using an App Password, not your regular password
[2026-02-04 13:58:13] [INFO] - Gmail attachment limit: 25 MB total
[2026-02-04 13:58:14] [INFO] - Enable 2-Step Verification in Google Account
[2026-02-04 13:58:14] [INFO] - Generate App Password: https://myaccount.google.com/apppasswords
[2026-02-04 13:58:14] [SUCCESS] Email configuration validation COMPLETE
[2026-02-04 13:58:14] [INFO] Overall status: READY
[2026-02-04 13:58:14] [INFO] Cleaning up...
[2026-02-04 13:58:14] [INFO] === Face Recognition Monitor Stopped ===
[2026-02-04 13:58:56] [INFO] MailKit version 4.14.1.0 is compatible
[2026-02-04 13:58:56] [INFO] MailKit version 4.14.0.0 is compatible
[2026-02-04 13:58:56] [INFO] === Face Recognition Monitor Started ===
[2026-02-04 13:58:56] [INFO] Monitor Version: 2.1 (Enhanced with MailKit Verification)
[2026-02-04 13:58:56] [INFO] Performing early MailKit assembly verification...
[2026-02-04 13:58:56] [INFO] Generating MailKit status report...
[2026-02-04 13:58:56] [INFO] Starting MailKit assembly verification...
[2026-02-04 13:58:57] [INFO] MailKit is already loaded into current AppDomain
[2026-02-04 13:58:57] [DEBUG]   - MailKit Version: 4.14.0.0
[2026-02-04 13:58:57] [DEBUG]   - MimeKit Version: 4.14.0.0
[2026-02-04 13:58:57] [SUCCESS] MailKit is ready for email functionality
[2026-02-04 13:58:57] [INFO]   - Assembly: PreLoaded
[2026-02-04 13:58:57] [INFO]   - Version: 4.14.0.0
[2026-02-04 13:58:57] [INFO] Performing startup cleanup check...
[2026-02-04 13:58:57] [INFO] Loaded sudden termination tracking: 1 total events, current streak: 0
[2026-02-04 13:58:57] [INFO] No orphaned processes found on startup
[2026-02-04 13:58:57] [INFO] Testing email configuration with enhanced MailKit verification...
[2026-02-04 13:58:57] [INFO] Generating MailKit status report...
[2026-02-04 13:58:57] [INFO] Starting MailKit assembly verification...
[2026-02-04 13:58:57] [INFO] MailKit is already loaded into current AppDomain
[2026-02-04 13:58:57] [DEBUG]   - MailKit Version: 4.14.0.0
[2026-02-04 13:58:57] [DEBUG]   - MimeKit Version: 4.14.0.0
[2026-02-04 13:58:57] [INFO] Generating MailKit status report...
[2026-02-04 13:58:57] [INFO] Starting MailKit assembly verification...
[2026-02-04 13:58:57] [INFO] MailKit is already loaded into current AppDomain
[2026-02-04 13:58:57] [DEBUG]   - MailKit Version: 4.14.0.0
[2026-02-04 13:58:57] [DEBUG]   - MimeKit Version: 4.14.0.0
=== MAILKIT STATUS REPORT ===
Timestamp: 2026-02-04 13:58:57
Overall Status: READY

ASSEMBLY STATUS:
- Available: True
- Load Method: PreLoaded
- MailKit Version: 4.14.0.0
- MimeKit Version: 4.14.0.0
- Dependencies: True

CONFIGURATION STATUS:
- Email Enabled: True
- SMTP Configured: True
- Credential File: True
- Recipients: True
- SMTP Server: smtp.gmail.com
- SMTP Port: 587
- SSL: True

SYSTEM INFORMATION:
- PowerShell: 7.5.4
- CLR: Unknown
- OS: Microsoft Windows NT 10.0.26200.0
- Host: MIS02

RECOMMENDATIONS:

[2026-02-04 13:58:57] [INFO] MailKit status report written to log
[2026-02-04 13:58:57] [INFO] Verifying MailKit assembly...
[2026-02-04 13:58:57] [SUCCESS] MailKit assembly verification PASSED
[2026-02-04 13:58:57] [INFO]   - Load Method: PreLoaded
[2026-02-04 13:58:57] [INFO]   - MailKit Version: 4.14.0.0
[2026-02-04 13:58:57] [INFO]   - MimeKit Version: 4.14.0.0
[2026-02-04 13:58:57] [INFO] Verifying SMTP configuration...
[2026-02-04 13:58:57] [SUCCESS] SMTP configuration verification PASSED
[2026-02-04 13:58:57] [INFO]   - Server: smtp.gmail.com:587
[2026-02-04 13:58:57] [INFO]   - SSL: True
[2026-02-04 13:58:57] [INFO] Verifying email recipients...
[2026-02-04 13:58:57] [SUCCESS] Found 2 email recipient(s)
[2026-02-04 13:58:57] [INFO] Verifying email credentials...
[2026-02-04 13:58:57] [SUCCESS] Email credential verification PASSED
[2026-02-04 13:58:57] [INFO]   - Credential file: C:\Users\MIS2\.face-recog\email-credential.xml
[2026-02-04 13:58:57] [INFO] GMAIL CONFIGURATION NOTES:
[2026-02-04 13:58:57] [INFO] - Using SMTP: smtp.gmail.com:587
[2026-02-04 13:58:57] [INFO] - SSL Enabled: True
[2026-02-04 13:58:57] [INFO] - Ensure you're using an App Password, not your regular password
[2026-02-04 13:58:57] [INFO] - Gmail attachment limit: 25 MB total
[2026-02-04 13:58:57] [INFO] - Enable 2-Step Verification in Google Account
[2026-02-04 13:58:57] [INFO] - Generate App Password: https://myaccount.google.com/apppasswords
[2026-02-04 13:58:57] [SUCCESS] Email configuration validation COMPLETE
[2026-02-04 13:58:57] [INFO] Overall status: READY
[2026-02-04 13:59:10] [INFO] Cleaning up...
[2026-02-04 13:59:10] [INFO] === Face Recognition Monitor Stopped ===
[2026-02-04 13:59:22] [INFO] MailKit version 4.14.1.0 is compatible
[2026-02-04 13:59:22] [INFO] MailKit version 4.14.0.0 is compatible
[2026-02-04 13:59:22] [INFO] === Face Recognition Monitor Started ===
[2026-02-04 13:59:22] [INFO] Monitor Version: 2.1 (Enhanced with MailKit Verification)
[2026-02-04 13:59:22] [INFO] Performing early MailKit assembly verification...
[2026-02-04 13:59:22] [INFO] Generating MailKit status report...
[2026-02-04 13:59:22] [INFO] Starting MailKit assembly verification...
[2026-02-04 13:59:22] [INFO] MailKit is already loaded into current AppDomain
[2026-02-04 13:59:22] [DEBUG]   - MailKit Version: 4.14.0.0
[2026-02-04 13:59:22] [DEBUG]   - MimeKit Version: 4.14.0.0
[2026-02-04 13:59:22] [SUCCESS] MailKit is ready for email functionality
[2026-02-04 13:59:22] [INFO]   - Assembly: PreLoaded
[2026-02-04 13:59:22] [INFO]   - Version: 4.14.0.0
[2026-02-04 13:59:22] [INFO] Performing startup cleanup check...
[2026-02-04 13:59:22] [INFO] Loaded sudden termination tracking: 1 total events, current streak: 0
[2026-02-04 13:59:22] [INFO] No orphaned processes found on startup
[2026-02-04 13:59:22] [INFO] Testing email configuration with enhanced MailKit verification...
[2026-02-04 13:59:22] [INFO] Generating MailKit status report...
[2026-02-04 13:59:22] [INFO] Starting MailKit assembly verification...
[2026-02-04 13:59:22] [INFO] MailKit is already loaded into current AppDomain
[2026-02-04 13:59:22] [DEBUG]   - MailKit Version: 4.14.0.0
[2026-02-04 13:59:22] [DEBUG]   - MimeKit Version: 4.14.0.0
[2026-02-04 13:59:22] [INFO] Generating MailKit status report...
[2026-02-04 13:59:22] [INFO] Starting MailKit assembly verification...
[2026-02-04 13:59:22] [INFO] MailKit is already loaded into current AppDomain
[2026-02-04 13:59:22] [DEBUG]   - MailKit Version: 4.14.0.0
[2026-02-04 13:59:22] [DEBUG]   - MimeKit Version: 4.14.0.0
=== MAILKIT STATUS REPORT ===
Timestamp: 2026-02-04 13:59:22
Overall Status: READY

ASSEMBLY STATUS:
- Available: True
- Load Method: PreLoaded
- MailKit Version: 4.14.0.0
- MimeKit Version: 4.14.0.0
- Dependencies: True

CONFIGURATION STATUS:
- Email Enabled: True
- SMTP Configured: True
- Credential File: True
- Recipients: True
- SMTP Server: smtp.gmail.com
- SMTP Port: 587
- SSL: True

SYSTEM INFORMATION:
- PowerShell: 7.5.4
- CLR: Unknown
- OS: Microsoft Windows NT 10.0.26200.0
- Host: MIS02

RECOMMENDATIONS:

[2026-02-04 13:59:22] [INFO] MailKit status report written to log
[2026-02-04 13:59:22] [INFO] Verifying MailKit assembly...
[2026-02-04 13:59:22] [SUCCESS] MailKit assembly verification PASSED
[2026-02-04 13:59:22] [INFO]   - Load Method: PreLoaded
[2026-02-04 13:59:22] [INFO]   - MailKit Version: 4.14.0.0
[2026-02-04 13:59:22] [INFO]   - MimeKit Version: 4.14.0.0
[2026-02-04 13:59:22] [INFO] Verifying SMTP configuration...
[2026-02-04 13:59:22] [SUCCESS] SMTP configuration verification PASSED
[2026-02-04 13:59:22] [INFO]   - Server: smtp.gmail.com:587
[2026-02-04 13:59:22] [INFO]   - SSL: True
[2026-02-04 13:59:22] [INFO] Verifying email recipients...
[2026-02-04 13:59:22] [SUCCESS] Found 2 email recipient(s)
[2026-02-04 13:59:22] [INFO] Verifying email credentials...
[2026-02-04 13:59:22] [SUCCESS] Email credential verification PASSED
[2026-02-04 13:59:23] [INFO]   - Credential file: C:\Users\MIS2\.face-recog\email-credential.xml
[2026-02-04 13:59:23] [INFO] GMAIL CONFIGURATION NOTES:
[2026-02-04 13:59:23] [INFO] - Using SMTP: smtp.gmail.com:587
[2026-02-04 13:59:23] [INFO] - SSL Enabled: True
[2026-02-04 13:59:23] [INFO] - Ensure you're using an App Password, not your regular password
[2026-02-04 13:59:23] [INFO] - Gmail attachment limit: 25 MB total
[2026-02-04 13:59:23] [INFO] - Enable 2-Step Verification in Google Account
[2026-02-04 13:59:23] [INFO] - Generate App Password: https://myaccount.google.com/apppasswords
[2026-02-04 13:59:23] [SUCCESS] Email configuration validation COMPLETE
[2026-02-04 13:59:23] [INFO] Overall status: READY
[2026-02-04 13:59:32] [INFO] User requested test email...
[2026-02-04 13:59:32] [INFO] Starting MailKit email sending test...
[2026-02-04 13:59:32] [INFO] Testing MailKit assembly availability...
[2026-02-04 13:59:32] [INFO] Starting MailKit assembly verification...
[2026-02-04 13:59:32] [INFO] MailKit is already loaded into current AppDomain
[2026-02-04 13:59:32] [DEBUG]   - MailKit Version: 4.14.0.0
[2026-02-04 13:59:32] [DEBUG]   - MimeKit Version: 4.14.0.0
[2026-02-04 13:59:32] [SUCCESS] Assembly test PASSED
[2026-02-04 13:59:32] [INFO] Testing email credential availability...
[2026-02-04 13:59:32] [SUCCESS] Credential test PASSED
[2026-02-04 13:59:32] [INFO] Testing SMTP configuration...
[2026-02-04 13:59:32] [SUCCESS] SMTP configuration test PASSED
[2026-02-04 13:59:32] [SUCCESS] All pre-flight checks PASSED (test email not sent)
[2026-02-04 13:59:32] [SUCCESS] Email functionality fully verified and ready!
[2026-02-04 13:59:32] [SUCCESS] Email configuration validated successfully
[2026-02-04 13:59:32] [DEBUG] No PID tracking file found
[2026-02-04 13:59:32] [DEBUG] Check: 13:59:32 | Window: Active | Python: Stopped
[2026-02-04 13:59:32] [DEBUG] Check: 13:59:32 | Window: Active | Python: Stopped
[2026-02-04 13:59:32] [INFO] Time window active and no Python process running - starting worker...
[2026-02-04 13:59:32] [DEBUG] Searching for Python process...
[2026-02-04 13:59:32] [DEBUG] No Python process found matching criteria
[2026-02-04 13:59:32] [INFO] Starting face recognition worker process...
[2026-02-04 13:59:32] [SUCCESS] Worker process started (PID: 30524)
[2026-02-04 13:59:32] [INFO] Waiting for Python process to start...
[2026-02-04 13:59:32] [DEBUG] Searching for Python process...
[2026-02-04 13:59:32] [DEBUG] No Python process found matching criteria
[2026-02-04 13:59:34] [DEBUG] Searching for Python process...
[2026-02-04 13:59:35] [SUCCESS] Found Python process with our script: PID=36424
[2026-02-04 13:59:35] [SUCCESS] Python process found (PID: 36424)
[2026-02-04 13:59:35] [DEBUG] PID tracking saved: WorkerPID=30524, PythonPID=36424
[2026-02-04 13:59:35] [SUCCESS] Worker started. Monitoring Python process...
[2026-02-04 13:59:50] [DEBUG] Check: 13:59:50 | Window: Active | Python: Running (PID: 36424)
[2026-02-04 14:00:05] [DEBUG] Check: 14:00:05 | Window: Inactive | Python: Running (PID: 36424)
[2026-02-04 14:00:05] [INFO] End time reached - stopping processes...
[2026-02-04 14:00:05] [INFO] Stopping Python process (PID: 36424)...
[2026-02-04 14:00:07] [WARN] Forcefully terminating Python process...
[2026-02-04 14:00:07] [SUCCESS] Python process terminated
[2026-02-04 14:00:07] [INFO] Stopping worker process (PID: 30524)...
[2026-02-04 14:00:09] [SUCCESS] Worker process exited gracefully
[2026-02-04 14:00:09] [DEBUG] Removed PID tracking file
[2026-02-04 14:00:09] [INFO] Stopped processes: Python, Worker
[2026-02-04 14:00:10] [INFO] Waiting for output generation...
[2026-02-04 14:00:20] [INFO] Validating worker output...
[2026-02-04 14:00:20] [INFO] Validating face recognition output structure...
[2026-02-04 14:00:20] [INFO] Validating folder structure for: Magick_Process_MaskDetect_2026-02-04_09-43-55
[2026-02-04 14:00:20] [DEBUG] Found subfolder: logs
[2026-02-04 14:00:20] [DEBUG] Found subfolder: script_output
[2026-02-04 14:00:20] [DEBUG] Metadata file is valid JSON
[2026-02-04 14:00:20] [DEBUG] Metadata file size: 1.33 KB
[2026-02-04 14:00:20] [DEBUG] Found 3 log files
[2026-02-04 14:00:20] [DEBUG] completion_summary.txt size: 4.38 KB
[2026-02-04 14:00:20] [DEBUG] python_output.txt size: 41.91 KB
[2026-02-04 14:00:20] [DEBUG] Latest run log: run_2026-02-04_09-43-55.log (2.66 KB)
[2026-02-04 14:00:20] [DEBUG] Script output contains 1 items
[2026-02-04 14:00:20] [DEBUG] Total folder size: 0.05 MB
[2026-02-04 14:00:20] [DEBUG] Total attachment size: 0.01 MB
[2026-02-04 14:00:20] [SUCCESS] VALIDATION SUCCESS: Folder structure complete
[2026-02-04 14:00:20] [SUCCESS]   - Path: D:\RaihanFarid\Dokumen\faceRecog\ProjectKnowledgeBase\active\logs-running\magick\Magick_Process_MaskDetect_2026-02-04_09-43-55
[2026-02-04 14:00:20] [SUCCESS]   - Created: 02/04/2026 09:43:55
[2026-02-04 14:00:20] [SUCCESS]   - Size: 0.05 MB
[2026-02-04 14:00:20] [SUCCESS]   - Attachments: 0.01 MB
[2026-02-04 14:00:20] [DEBUG] Configuration backed up to: D:\RaihanFarid\Dokumen\faceRecog\ProjectKnowledgeBase\active\logs-running\magick\config_backup_20260204_140020.json
[2026-02-04 14:00:20] [INFO] Preparing to send completion notifications to 2 recipient(s) using MailKit...
[2026-02-04 14:00:20] [DEBUG] Email credential loaded from C:\Users\MIS2\.face-recog\email-credential.xml
[2026-02-04 14:00:20] [DEBUG] Found latest run log: run_2026-02-04_09-43-55.log
[2026-02-04 14:00:20] [DEBUG] Found metadata.json
[2026-02-04 14:00:20] [INFO] Sending emails in 2 different language(s) using MailKit
[2026-02-04 14:00:20] [INFO] Sending English email to: faridraihan17@gmail.com
[2026-02-04 14:00:20] [ERROR] Failed to send email using MailKit: 'ContentType' is a ReadOnly property.
[2026-02-04 14:00:20] [DEBUG] Stack trace: at Send-MailKitEmail, D:\RaihanFarid\Dokumen\faceRecog\ProjectKnowledgeBase\active\projects\maskRecog\patterns\scripts\1_magick\0_monitor_email_Magick-exp1.ps1: line 1718
at Send-CompletionEmail, D:\RaihanFarid\Dokumen\faceRecog\ProjectKnowledgeBase\active\projects\maskRecog\patterns\scripts\1_magick\0_monitor_email_Magick-exp1.ps1: line 1589
at <ScriptBlock>, D:\RaihanFarid\Dokumen\faceRecog\ProjectKnowledgeBase\active\projects\maskRecog\patterns\scripts\1_magick\0_monitor_email_Magick-exp1.ps1: line 3234
[2026-02-04 14:00:20] [ERROR] Failed to send English email to 1 recipient(s) using MailKit
[2026-02-04 14:00:20] [INFO] Sending Bahasa email to: ikeepmypromiz@gmail.com
[2026-02-04 14:00:20] [ERROR] Failed to send email using MailKit: 'ContentType' is a ReadOnly property.
[2026-02-04 14:00:20] [DEBUG] Stack trace: at Send-MailKitEmail, D:\RaihanFarid\Dokumen\faceRecog\ProjectKnowledgeBase\active\projects\maskRecog\patterns\scripts\1_magick\0_monitor_email_Magick-exp1.ps1: line 1718
at Send-CompletionEmail, D:\RaihanFarid\Dokumen\faceRecog\ProjectKnowledgeBase\active\projects\maskRecog\patterns\scripts\1_magick\0_monitor_email_Magick-exp1.ps1: line 1589
at <ScriptBlock>, D:\RaihanFarid\Dokumen\faceRecog\ProjectKnowledgeBase\active\projects\maskRecog\patterns\scripts\1_magick\0_monitor_email_Magick-exp1.ps1: line 3234
[2026-02-04 14:00:20] [ERROR] Failed to send Bahasa email to 1 recipient(s) using MailKit
[2026-02-04 14:00:20] [ERROR] All emails failed to send using MailKit
[2026-02-04 14:00:21] [WARN] Failed to send some or all completion emails, but process completed successfully.
[2026-02-04 14:00:21] [SUCCESS] Face recognition pipeline completed successfully!
[2026-02-04 14:00:21] [INFO] Initiating graceful shutdown: Schedule completed
[2026-02-04 14:00:21] [DEBUG] Sudden termination tracking saved
[2026-02-04 14:00:21] [DEBUG] Sudden termination tracking saved
[2026-02-04 14:00:21] [SUCCESS] Graceful shutdown completed successfully
[2026-02-04 14:00:21] [INFO] Process completed. Stopping monitor as configured...
[2026-02-04 14:00:21] [INFO] Cleaning up...
[2026-02-04 14:00:21] [INFO] === Face Recognition Monitor Stopped ===
[2026-02-04 14:13:58] [INFO] === Face Recognition Monitor Started ===
[2026-02-04 14:13:58] [INFO] Monitor Version: 2.1 (Enhanced with MailKit Verification)
[2026-02-04 14:13:58] [INFO] Performing early MailKit assembly verification...
[2026-02-04 14:13:58] [INFO] Generating MailKit status report...
[2026-02-04 14:13:59] [INFO] Starting MailKit assembly verification...
[2026-02-04 14:13:59] [INFO] MailKit is already loaded into current AppDomain
[2026-02-04 14:13:59] [DEBUG]   - MailKit Version: 4.14.0.0
[2026-02-04 14:13:59] [DEBUG]   - MimeKit Version: 4.14.0.0
[2026-02-04 14:13:59] [SUCCESS] MailKit is ready for email functionality
[2026-02-04 14:13:59] [INFO]   - Assembly: PreLoaded
[2026-02-04 14:13:59] [INFO]   - Version: 4.14.0.0
[2026-02-04 14:13:59] [INFO] Performing startup cleanup check...
[2026-02-04 14:13:59] [INFO] Loaded sudden termination tracking: 1 total events, current streak: 0
[2026-02-04 14:13:59] [INFO] No orphaned processes found on startup
[2026-02-04 14:13:59] [INFO] Testing email configuration with enhanced MailKit verification...
[2026-02-04 14:13:59] [INFO] Generating MailKit status report...
[2026-02-04 14:13:59] [INFO] Starting MailKit assembly verification...
[2026-02-04 14:13:59] [INFO] MailKit is already loaded into current AppDomain
[2026-02-04 14:13:59] [DEBUG]   - MailKit Version: 4.14.0.0
[2026-02-04 14:13:59] [DEBUG]   - MimeKit Version: 4.14.0.0
[2026-02-04 14:13:59] [INFO] Generating MailKit status report...
[2026-02-04 14:13:59] [INFO] Starting MailKit assembly verification...
[2026-02-04 14:13:59] [INFO] MailKit is already loaded into current AppDomain
[2026-02-04 14:13:59] [DEBUG]   - MailKit Version: 4.14.0.0
[2026-02-04 14:13:59] [DEBUG]   - MimeKit Version: 4.14.0.0
=== MAILKIT STATUS REPORT ===
Timestamp: 2026-02-04 14:13:59
Overall Status: READY

ASSEMBLY STATUS:
- Available: True
- Load Method: PreLoaded
- MailKit Version: 4.14.0.0
- MimeKit Version: 4.14.0.0
- Dependencies: True

CONFIGURATION STATUS:
- Email Enabled: True
- SMTP Configured: True
- Credential File: True
- Recipients: True
- SMTP Server: smtp.gmail.com
- SMTP Port: 587
- SSL: True

SYSTEM INFORMATION:
- PowerShell: 7.5.4
- CLR: Unknown
- OS: Microsoft Windows NT 10.0.26200.0
- Host: MIS02

RECOMMENDATIONS:

[2026-02-04 14:13:59] [INFO] MailKit status report written to log
[2026-02-04 14:13:59] [INFO] Verifying MailKit assembly...
[2026-02-04 14:13:59] [SUCCESS] MailKit assembly verification PASSED
[2026-02-04 14:13:59] [INFO]   - Load Method: PreLoaded
[2026-02-04 14:13:59] [INFO]   - MailKit Version: 4.14.0.0
[2026-02-04 14:13:59] [INFO]   - MimeKit Version: 4.14.0.0
[2026-02-04 14:13:59] [INFO] Verifying SMTP configuration...
[2026-02-04 14:13:59] [SUCCESS] SMTP configuration verification PASSED
[2026-02-04 14:13:59] [INFO]   - Server: smtp.gmail.com:587
[2026-02-04 14:13:59] [INFO]   - SSL: True
[2026-02-04 14:13:59] [INFO] Verifying email recipients...
[2026-02-04 14:13:59] [SUCCESS] Found 2 email recipient(s)
[2026-02-04 14:13:59] [INFO] Verifying email credentials...
[2026-02-04 14:13:59] [SUCCESS] Email credential verification PASSED
[2026-02-04 14:13:59] [INFO]   - Credential file: C:\Users\MIS2\.face-recog\email-credential.xml
[2026-02-04 14:13:59] [INFO] GMAIL CONFIGURATION NOTES:
[2026-02-04 14:13:59] [INFO] - Using SMTP: smtp.gmail.com:587
[2026-02-04 14:13:59] [INFO] - SSL Enabled: True
[2026-02-04 14:13:59] [INFO] - Ensure you're using an App Password, not your regular password
[2026-02-04 14:14:00] [INFO] - Gmail attachment limit: 25 MB total
[2026-02-04 14:14:00] [INFO] - Enable 2-Step Verification in Google Account
[2026-02-04 14:14:00] [INFO] - Generate App Password: https://myaccount.google.com/apppasswords
[2026-02-04 14:14:00] [SUCCESS] Email configuration validation COMPLETE
[2026-02-04 14:14:00] [INFO] Overall status: READY
[2026-02-04 14:14:06] [INFO] User requested test email...
[2026-02-04 14:14:06] [INFO] Starting MailKit email sending test...
[2026-02-04 14:14:06] [INFO] Testing MailKit assembly availability...
[2026-02-04 14:14:06] [INFO] Starting MailKit assembly verification...
[2026-02-04 14:14:06] [INFO] MailKit is already loaded into current AppDomain
[2026-02-04 14:14:06] [DEBUG]   - MailKit Version: 4.14.0.0
[2026-02-04 14:14:06] [DEBUG]   - MimeKit Version: 4.14.0.0
[2026-02-04 14:14:06] [SUCCESS] Assembly test PASSED
[2026-02-04 14:14:06] [INFO] Testing email credential availability...
[2026-02-04 14:14:06] [SUCCESS] Credential test PASSED
[2026-02-04 14:14:06] [INFO] Testing SMTP configuration...
[2026-02-04 14:14:06] [SUCCESS] SMTP configuration test PASSED
[2026-02-04 14:14:06] [SUCCESS] All pre-flight checks PASSED (test email not sent)
[2026-02-04 14:14:06] [SUCCESS] Email functionality fully verified and ready!
[2026-02-04 14:14:06] [SUCCESS] Email configuration validated successfully
[2026-02-04 14:14:06] [DEBUG] No PID tracking file found
[2026-02-04 14:14:06] [DEBUG] Check: 14:14:06 | Window: Active | Python: Stopped
[2026-02-04 14:14:06] [DEBUG] Check: 14:14:06 | Window: Active | Python: Stopped
[2026-02-04 14:14:06] [INFO] Time window active and no Python process running - starting worker...
[2026-02-04 14:14:06] [DEBUG] Searching for Python process...
[2026-02-04 14:14:07] [DEBUG] No Python process found matching criteria
[2026-02-04 14:14:07] [INFO] Starting face recognition worker process...
[2026-02-04 14:14:07] [SUCCESS] Worker process started (PID: 37296)
[2026-02-04 14:14:07] [INFO] Waiting for Python process to start...
[2026-02-04 14:14:07] [DEBUG] Searching for Python process...
[2026-02-04 14:14:07] [DEBUG] No Python process found matching criteria
[2026-02-04 14:14:09] [DEBUG] Searching for Python process...
[2026-02-04 14:14:10] [SUCCESS] Found Python process with our script: PID=20552
[2026-02-04 14:14:10] [SUCCESS] Python process found (PID: 20552)
[2026-02-04 14:14:10] [DEBUG] PID tracking saved: WorkerPID=37296, PythonPID=20552
[2026-02-04 14:14:10] [SUCCESS] Worker started. Monitoring Python process...
[2026-02-04 14:14:25] [DEBUG] Check: 14:14:25 | Window: Active | Python: Running (PID: 20552)
[2026-02-04 14:14:40] [INFO] Generating MailKit status report...
[2026-02-04 14:14:40] [INFO] Starting MailKit assembly verification...
[2026-02-04 14:14:40] [INFO] MailKit is already loaded into current AppDomain
[2026-02-04 14:14:40] [DEBUG]   - MailKit Version: 4.14.0.0
[2026-02-04 14:14:40] [DEBUG]   - MimeKit Version: 4.14.0.0
[2026-02-04 14:14:40] [DEBUG] Check: 14:14:40 | Window: Active | Python: Running (PID: 20552)
[2026-02-04 14:14:55] [DEBUG] Check: 14:14:55 | Window: Active | Python: Running (PID: 20552)
[2026-02-04 14:15:11] [DEBUG] Check: 14:15:11 | Window: Inactive | Python: Running (PID: 20552)
[2026-02-04 14:15:11] [INFO] End time reached - stopping processes...
[2026-02-04 14:15:11] [INFO] Stopping Python process (PID: 20552)...
[2026-02-04 14:15:13] [WARN] Forcefully terminating Python process...
[2026-02-04 14:15:13] [SUCCESS] Python process terminated
[2026-02-04 14:15:13] [INFO] Stopping worker process (PID: 37296)...
[2026-02-04 14:15:15] [SUCCESS] Worker process exited gracefully
[2026-02-04 14:15:15] [DEBUG] Removed PID tracking file
[2026-02-04 14:15:15] [INFO] Stopped processes: Python, Worker
[2026-02-04 14:15:15] [INFO] Waiting for output generation...
[2026-02-04 14:15:25] [INFO] Validating worker output...
[2026-02-04 14:15:25] [INFO] Validating face recognition output structure...
[2026-02-04 14:15:25] [INFO] Validating folder structure for: Magick_Process_MaskDetect_2026-02-04_09-43-55
[2026-02-04 14:15:25] [DEBUG] Found subfolder: logs
[2026-02-04 14:15:25] [DEBUG] Found subfolder: script_output
[2026-02-04 14:15:25] [DEBUG] Metadata file is valid JSON
[2026-02-04 14:15:25] [DEBUG] Metadata file size: 1.33 KB
[2026-02-04 14:15:25] [DEBUG] Found 3 log files
[2026-02-04 14:15:25] [DEBUG] completion_summary.txt size: 4.38 KB
[2026-02-04 14:15:25] [DEBUG] python_output.txt size: 41.91 KB
[2026-02-04 14:15:25] [DEBUG] Latest run log: run_2026-02-04_09-43-55.log (2.66 KB)
[2026-02-04 14:15:25] [DEBUG] Script output contains 1 items
[2026-02-04 14:15:25] [DEBUG] Total folder size: 0.05 MB
[2026-02-04 14:15:25] [DEBUG] Total attachment size: 0.01 MB
[2026-02-04 14:15:25] [SUCCESS] VALIDATION SUCCESS: Folder structure complete
[2026-02-04 14:15:25] [SUCCESS]   - Path: D:\RaihanFarid\Dokumen\faceRecog\ProjectKnowledgeBase\active\logs-running\magick\Magick_Process_MaskDetect_2026-02-04_09-43-55
[2026-02-04 14:15:25] [SUCCESS]   - Created: 02/04/2026 09:43:55
[2026-02-04 14:15:25] [SUCCESS]   - Size: 0.05 MB
[2026-02-04 14:15:25] [SUCCESS]   - Attachments: 0.01 MB
[2026-02-04 14:15:25] [DEBUG] Configuration backed up to: D:\RaihanFarid\Dokumen\faceRecog\ProjectKnowledgeBase\active\logs-running\magick\config_backup_20260204_141525.json
[2026-02-04 14:15:25] [INFO] Preparing to send completion notifications to 2 recipient(s) using MailKit...
[2026-02-04 14:15:25] [DEBUG] Email credential loaded from C:\Users\MIS2\.face-recog\email-credential.xml
[2026-02-04 14:15:25] [DEBUG] Found latest run log: run_2026-02-04_09-43-55.log
[2026-02-04 14:15:25] [DEBUG] Found metadata.json
[2026-02-04 14:15:25] [INFO] Using MailKit v4.14.0.0 for email sending
[2026-02-04 14:15:25] [INFO] Sending emails in 2 different language(s) using MailKit
[2026-02-04 14:15:25] [INFO] Sending English email to: faridraihan17@gmail.com
[2026-02-04 14:15:25] [ERROR] Failed to add attachment D:\RaihanFarid\Dokumen\faceRecog\ProjectKnowledgeBase\active\logs-running\magick\Magick_Process_MaskDetect_2026-02-04_09-43-55\logs\run_2026-02-04_09-43-55.log: Cannot find an overload for "ContentType" and the argument count: "1".
[2026-02-04 14:15:25] [ERROR] Failed to add attachment D:\RaihanFarid\Dokumen\faceRecog\ProjectKnowledgeBase\active\logs-running\magick\Magick_Process_MaskDetect_2026-02-04_09-43-55\metadata.json: Cannot find an overload for "ContentType" and the argument count: "1".
[2026-02-04 14:15:25] [DEBUG] Connecting to SMTP server smtp.gmail.com:587 (SSL: True)...
[2026-02-04 14:15:26] [ERROR] MailKit SMTP error: Exception calling "Connect" with "3" argument(s): "An error occurred while attempting to establish an SSL or TLS connection.

When connecting to an SMTP service, port 587 is typically reserved for plain-text connections. If
you intended to connect to SMTP on the SSL port, try connecting to port 465 instead. Otherwise,
if you intended to use STARTTLS, make sure to use the following code:

client.Connect ("smtp.gmail.com", 587, SecureSocketOptions.StartTls);
"
[2026-02-04 14:15:26] [ERROR] Failed to send English email to 1 recipient(s) using MailKit
[2026-02-04 14:15:26] [INFO] Sending Bahasa email to: ikeepmypromiz@gmail.com
[2026-02-04 14:15:26] [ERROR] Failed to add attachment D:\RaihanFarid\Dokumen\faceRecog\ProjectKnowledgeBase\active\logs-running\magick\Magick_Process_MaskDetect_2026-02-04_09-43-55\logs\run_2026-02-04_09-43-55.log: Cannot find an overload for "ContentType" and the argument count: "1".
[2026-02-04 14:15:26] [ERROR] Failed to add attachment D:\RaihanFarid\Dokumen\faceRecog\ProjectKnowledgeBase\active\logs-running\magick\Magick_Process_MaskDetect_2026-02-04_09-43-55\metadata.json: Cannot find an overload for "ContentType" and the argument count: "1".
[2026-02-04 14:15:26] [DEBUG] Connecting to SMTP server smtp.gmail.com:587 (SSL: True)...
[2026-02-04 14:15:26] [ERROR] MailKit SMTP error: Exception calling "Connect" with "3" argument(s): "An error occurred while attempting to establish an SSL or TLS connection.

When connecting to an SMTP service, port 587 is typically reserved for plain-text connections. If
you intended to connect to SMTP on the SSL port, try connecting to port 465 instead. Otherwise,
if you intended to use STARTTLS, make sure to use the following code:

client.Connect ("smtp.gmail.com", 587, SecureSocketOptions.StartTls);
"
[2026-02-04 14:15:26] [ERROR] Failed to send Bahasa email to 1 recipient(s) using MailKit
[2026-02-04 14:15:26] [ERROR] All emails failed to send using MailKit
[2026-02-04 14:15:26] [WARN] Failed to send some or all completion emails, but process completed successfully.
[2026-02-04 14:15:26] [SUCCESS] Face recognition pipeline completed successfully!
[2026-02-04 14:15:26] [INFO] Initiating graceful shutdown: Schedule completed
[2026-02-04 14:15:26] [DEBUG] Sudden termination tracking saved
[2026-02-04 14:15:26] [DEBUG] Sudden termination tracking saved
[2026-02-04 14:15:26] [SUCCESS] Graceful shutdown completed successfully
[2026-02-04 14:15:26] [INFO] Process completed. Stopping monitor as configured...
[2026-02-04 14:15:27] [INFO] Cleaning up...
[2026-02-04 14:15:27] [INFO] === Face Recognition Monitor Stopped ===
[2026-02-04 14:34:47] [INFO] Cleaning up...
[2026-02-04 14:34:47] [INFO] === Face Recognition Monitor Stopped ===
[2026-02-04 14:34:49] [INFO] === Face Recognition Monitor Started ===
[2026-02-04 14:34:49] [INFO] Monitor Version: 2.1 (Enhanced with MailKit Verification)
[2026-02-04 14:34:49] [INFO] Cleaning up...
[2026-02-04 14:34:49] [INFO] === Face Recognition Monitor Stopped ===
[2026-02-04 14:34:51] [INFO] === Face Recognition Monitor Started ===
[2026-02-04 14:34:51] [INFO] Monitor Version: 2.1 (Enhanced with MailKit Verification)
[2026-02-04 14:34:51] [INFO] Performing early MailKit assembly verification...
[2026-02-04 14:34:51] [INFO] Generating MailKit status report...
[2026-02-04 14:34:51] [INFO] Starting MailKit assembly verification...
[2026-02-04 14:34:52] [INFO] MailKit is already loaded into current AppDomain
[2026-02-04 14:34:52] [DEBUG]   - MailKit Version: 4.14.0.0
[2026-02-04 14:34:52] [DEBUG]   - MimeKit Version: 4.14.0.0
[2026-02-04 14:34:52] [SUCCESS] MailKit is ready for email functionality
[2026-02-04 14:34:52] [INFO]   - Assembly: PreLoaded
[2026-02-04 14:34:52] [INFO]   - Version: 4.14.0.0
[2026-02-04 14:34:52] [INFO] Performing startup cleanup check...
[2026-02-04 14:34:52] [INFO] Loaded sudden termination tracking: 1 total events, current streak: 0
[2026-02-04 14:34:52] [INFO] No orphaned processes found on startup
[2026-02-04 14:34:52] [INFO] Testing email configuration with enhanced MailKit verification...
[2026-02-04 14:34:52] [INFO] Generating MailKit status report...
[2026-02-04 14:34:52] [INFO] Starting MailKit assembly verification...
[2026-02-04 14:34:52] [INFO] MailKit is already loaded into current AppDomain
[2026-02-04 14:34:52] [DEBUG]   - MailKit Version: 4.14.0.0
[2026-02-04 14:34:52] [DEBUG]   - MimeKit Version: 4.14.0.0
[2026-02-04 14:34:52] [INFO] Generating MailKit status report...
[2026-02-04 14:34:52] [INFO] Starting MailKit assembly verification...
[2026-02-04 14:34:52] [INFO] MailKit is already loaded into current AppDomain
[2026-02-04 14:34:52] [DEBUG]   - MailKit Version: 4.14.0.0
[2026-02-04 14:34:52] [DEBUG]   - MimeKit Version: 4.14.0.0
=== MAILKIT STATUS REPORT ===
Timestamp: 2026-02-04 14:34:52
Overall Status: READY

ASSEMBLY STATUS:
- Available: True
- Load Method: PreLoaded
- MailKit Version: 4.14.0.0
- MimeKit Version: 4.14.0.0
- Dependencies: True

CONFIGURATION STATUS:
- Email Enabled: True
- SMTP Configured: True
- Credential File: True
- Recipients: True
- SMTP Server: smtp.gmail.com
- SMTP Port: 587
- SSL: True

SYSTEM INFORMATION:
- PowerShell: 7.5.4
- CLR: Unknown
- OS: Microsoft Windows NT 10.0.26200.0
- Host: MIS02

RECOMMENDATIONS:

[2026-02-04 14:34:52] [INFO] MailKit status report written to log
[2026-02-04 14:34:53] [INFO] Verifying MailKit assembly...
[2026-02-04 14:34:53] [SUCCESS] MailKit assembly verification PASSED
[2026-02-04 14:34:53] [INFO]   - Load Method: PreLoaded
[2026-02-04 14:34:53] [INFO]   - MailKit Version: 4.14.0.0
[2026-02-04 14:34:53] [INFO]   - MimeKit Version: 4.14.0.0
[2026-02-04 14:34:53] [INFO] Verifying SMTP configuration...
[2026-02-04 14:34:53] [SUCCESS] SMTP configuration verification PASSED
[2026-02-04 14:34:53] [INFO]   - Server: smtp.gmail.com:587
[2026-02-04 14:34:53] [INFO]   - SSL: True
[2026-02-04 14:34:53] [INFO] Verifying email recipients...
[2026-02-04 14:34:53] [SUCCESS] Found 2 email recipient(s)
[2026-02-04 14:34:53] [INFO] Verifying email credentials...
[2026-02-04 14:34:53] [SUCCESS] Email credential verification PASSED
[2026-02-04 14:34:53] [INFO]   - Credential file: C:\Users\MIS2\.face-recog\email-credential.xml
[2026-02-04 14:34:53] [INFO] GMAIL CONFIGURATION NOTES:
[2026-02-04 14:34:53] [INFO] - Using SMTP: smtp.gmail.com:587
[2026-02-04 14:34:53] [INFO] - SSL Enabled: True
[2026-02-04 14:34:53] [INFO] - Ensure you're using an App Password, not your regular password
[2026-02-04 14:34:53] [INFO] - Gmail attachment limit: 25 MB total
[2026-02-04 14:34:53] [INFO] - Enable 2-Step Verification in Google Account
[2026-02-04 14:34:53] [INFO] - Generate App Password: https://myaccount.google.com/apppasswords
[2026-02-04 14:34:53] [SUCCESS] Email configuration validation COMPLETE
[2026-02-04 14:34:53] [INFO] Overall status: READY
[2026-02-04 14:34:57] [SUCCESS] Email configuration validated successfully
[2026-02-04 14:34:57] [DEBUG] No PID tracking file found
[2026-02-04 14:34:57] [DEBUG] Check: 14:34:57 | Window: Inactive | Python: Stopped
[2026-02-04 14:34:57] [INFO] End time reached - no active processes to stop
[2026-02-04 14:34:57] [INFO] Initiating graceful shutdown: Schedule completed
[2026-02-04 14:34:57] [DEBUG] Sudden termination tracking saved
[2026-02-04 14:34:57] [DEBUG] Sudden termination tracking saved
[2026-02-04 14:34:57] [SUCCESS] Graceful shutdown completed successfully
[2026-02-04 14:34:57] [INFO] Process completed. Stopping monitor as configured...
[2026-02-04 14:34:57] [INFO] Cleaning up...
[2026-02-04 14:34:58] [INFO] === Face Recognition Monitor Stopped ===
[2026-02-04 14:35:45] [INFO] === Face Recognition Monitor Started ===
[2026-02-04 14:35:45] [INFO] Monitor Version: 2.1 (Enhanced with MailKit Verification)
[2026-02-04 14:35:45] [INFO] Performing early MailKit assembly verification...
[2026-02-04 14:35:45] [INFO] Generating MailKit status report...
[2026-02-04 14:35:45] [INFO] Starting MailKit assembly verification...
[2026-02-04 14:35:45] [INFO] MailKit is already loaded into current AppDomain
[2026-02-04 14:35:45] [DEBUG]   - MailKit Version: 4.14.0.0
[2026-02-04 14:35:45] [DEBUG]   - MimeKit Version: 4.14.0.0
[2026-02-04 14:35:45] [SUCCESS] MailKit is ready for email functionality
[2026-02-04 14:35:45] [INFO]   - Assembly: PreLoaded
[2026-02-04 14:35:45] [INFO]   - Version: 4.14.0.0
[2026-02-04 14:35:45] [INFO] Performing startup cleanup check...
[2026-02-04 14:35:45] [INFO] Loaded sudden termination tracking: 1 total events, current streak: 0
[2026-02-04 14:35:45] [INFO] No orphaned processes found on startup
[2026-02-04 14:35:45] [INFO] Testing email configuration with enhanced MailKit verification...
[2026-02-04 14:35:45] [INFO] Generating MailKit status report...
[2026-02-04 14:35:45] [INFO] Starting MailKit assembly verification...
[2026-02-04 14:35:45] [INFO] MailKit is already loaded into current AppDomain
[2026-02-04 14:35:45] [DEBUG]   - MailKit Version: 4.14.0.0
[2026-02-04 14:35:45] [DEBUG]   - MimeKit Version: 4.14.0.0
[2026-02-04 14:35:45] [INFO] Generating MailKit status report...
[2026-02-04 14:35:45] [INFO] Starting MailKit assembly verification...
[2026-02-04 14:35:45] [INFO] MailKit is already loaded into current AppDomain
[2026-02-04 14:35:45] [DEBUG]   - MailKit Version: 4.14.0.0
[2026-02-04 14:35:45] [DEBUG]   - MimeKit Version: 4.14.0.0
=== MAILKIT STATUS REPORT ===
Timestamp: 2026-02-04 14:35:45
Overall Status: READY

ASSEMBLY STATUS:
- Available: True
- Load Method: PreLoaded
- MailKit Version: 4.14.0.0
- MimeKit Version: 4.14.0.0
- Dependencies: True

CONFIGURATION STATUS:
- Email Enabled: True
- SMTP Configured: True
- Credential File: True
- Recipients: True
- SMTP Server: smtp.gmail.com
- SMTP Port: 587
- SSL: True

SYSTEM INFORMATION:
- PowerShell: 7.5.4
- CLR: Unknown
- OS: Microsoft Windows NT 10.0.26200.0
- Host: MIS02

RECOMMENDATIONS:

[2026-02-04 14:35:46] [INFO] MailKit status report written to log
[2026-02-04 14:35:46] [INFO] Verifying MailKit assembly...
[2026-02-04 14:35:46] [SUCCESS] MailKit assembly verification PASSED
[2026-02-04 14:35:46] [INFO]   - Load Method: PreLoaded
[2026-02-04 14:35:46] [INFO]   - MailKit Version: 4.14.0.0
[2026-02-04 14:35:46] [INFO]   - MimeKit Version: 4.14.0.0
[2026-02-04 14:35:46] [INFO] Verifying SMTP configuration...
[2026-02-04 14:35:46] [SUCCESS] SMTP configuration verification PASSED
[2026-02-04 14:35:46] [INFO]   - Server: smtp.gmail.com:587
[2026-02-04 14:35:46] [INFO]   - SSL: True
[2026-02-04 14:35:46] [INFO] Verifying email recipients...
[2026-02-04 14:35:46] [SUCCESS] Found 2 email recipient(s)
[2026-02-04 14:35:46] [INFO] Verifying email credentials...
[2026-02-04 14:35:46] [SUCCESS] Email credential verification PASSED
[2026-02-04 14:35:46] [INFO]   - Credential file: C:\Users\MIS2\.face-recog\email-credential.xml
[2026-02-04 14:35:46] [INFO] GMAIL CONFIGURATION NOTES:
[2026-02-04 14:35:46] [INFO] - Using SMTP: smtp.gmail.com:587
[2026-02-04 14:35:46] [INFO] - SSL Enabled: True
[2026-02-04 14:35:46] [INFO] - Ensure you're using an App Password, not your regular password
[2026-02-04 14:35:46] [INFO] - Gmail attachment limit: 25 MB total
[2026-02-04 14:35:46] [INFO] - Enable 2-Step Verification in Google Account
[2026-02-04 14:35:46] [INFO] - Generate App Password: https://myaccount.google.com/apppasswords
[2026-02-04 14:35:46] [SUCCESS] Email configuration validation COMPLETE
[2026-02-04 14:35:46] [INFO] Overall status: READY
[2026-02-04 14:35:47] [SUCCESS] Email configuration validated successfully
[2026-02-04 14:35:47] [DEBUG] No PID tracking file found
[2026-02-04 14:35:48] [DEBUG] Check: 14:35:48 | Window: Active | Python: Stopped
[2026-02-04 14:35:48] [DEBUG] Check: 14:35:48 | Window: Active | Python: Stopped
[2026-02-04 14:35:48] [INFO] Time window active and no Python process running - starting worker...
[2026-02-04 14:35:48] [DEBUG] Searching for Python process...
[2026-02-04 14:35:48] [DEBUG] No Python process found matching criteria
[2026-02-04 14:35:48] [INFO] Starting face recognition worker process...
[2026-02-04 14:35:48] [SUCCESS] Worker process started (PID: 30496)
[2026-02-04 14:35:48] [INFO] Waiting for Python process to start...
[2026-02-04 14:35:48] [DEBUG] Searching for Python process...
[2026-02-04 14:35:48] [DEBUG] No Python process found matching criteria
[2026-02-04 14:35:50] [DEBUG] Searching for Python process...
[2026-02-04 14:35:51] [SUCCESS] Found Python process with our script: PID=7364
[2026-02-04 14:35:51] [SUCCESS] Python process found (PID: 7364)
[2026-02-04 14:35:51] [DEBUG] PID tracking saved: WorkerPID=30496, PythonPID=7364
[2026-02-04 14:35:51] [SUCCESS] Worker started. Monitoring Python process...
[2026-02-04 14:36:06] [DEBUG] Check: 14:36:06 | Window: Active | Python: Running (PID: 7364)
[2026-02-04 14:36:21] [DEBUG] Check: 14:36:21 | Window: Active | Python: Running (PID: 7364)
[2026-02-04 14:36:36] [DEBUG] Check: 14:36:36 | Window: Active | Python: Running (PID: 7364)
[2026-02-04 14:36:51] [DEBUG] Check: 14:36:51 | Window: Active | Python: Running (PID: 7364)
[2026-02-04 14:37:06] [DEBUG] Check: 14:37:06 | Window: Inactive | Python: Running (PID: 7364)
[2026-02-04 14:37:06] [INFO] End time reached - stopping processes...
[2026-02-04 14:37:06] [INFO] Stopping Python process (PID: 7364)...
[2026-02-04 14:37:08] [WARN] Forcefully terminating Python process...
[2026-02-04 14:37:08] [SUCCESS] Python process terminated
[2026-02-04 14:37:08] [INFO] Stopping worker process (PID: 30496)...
[2026-02-04 14:37:10] [SUCCESS] Worker process exited gracefully
[2026-02-04 14:37:10] [DEBUG] Removed PID tracking file
[2026-02-04 14:37:10] [INFO] Stopped processes: Python, Worker
[2026-02-04 14:37:10] [INFO] Waiting for output generation...
[2026-02-04 14:37:20] [INFO] Validating worker output...
[2026-02-04 14:37:21] [INFO] Validating face recognition output structure...
[2026-02-04 14:37:21] [INFO] Validating folder structure for: Magick_Process_MaskDetect_2026-02-04_09-43-55
[2026-02-04 14:37:21] [DEBUG] Found subfolder: logs
[2026-02-04 14:37:21] [DEBUG] Found subfolder: script_output
[2026-02-04 14:37:21] [DEBUG] Metadata file is valid JSON
[2026-02-04 14:37:21] [DEBUG] Metadata file size: 1.33 KB
[2026-02-04 14:37:21] [DEBUG] Found 3 log files
[2026-02-04 14:37:21] [DEBUG] completion_summary.txt size: 4.38 KB
[2026-02-04 14:37:21] [DEBUG] python_output.txt size: 41.91 KB
[2026-02-04 14:37:21] [DEBUG] Latest run log: run_2026-02-04_09-43-55.log (2.66 KB)
[2026-02-04 14:37:21] [DEBUG] Script output contains 1 items
[2026-02-04 14:37:21] [DEBUG] Total folder size: 0.05 MB
[2026-02-04 14:37:21] [DEBUG] Total attachment size: 0.01 MB
[2026-02-04 14:37:21] [SUCCESS] VALIDATION SUCCESS: Folder structure complete
[2026-02-04 14:37:21] [SUCCESS]   - Path: D:\RaihanFarid\Dokumen\faceRecog\ProjectKnowledgeBase\active\logs-running\magick\Magick_Process_MaskDetect_2026-02-04_09-43-55
[2026-02-04 14:37:21] [SUCCESS]   - Created: 02/04/2026 09:43:55
[2026-02-04 14:37:21] [SUCCESS]   - Size: 0.05 MB
[2026-02-04 14:37:21] [SUCCESS]   - Attachments: 0.01 MB
[2026-02-04 14:37:21] [DEBUG] Configuration backed up to: D:\RaihanFarid\Dokumen\faceRecog\ProjectKnowledgeBase\active\logs-running\magick\config_backup_20260204_143721.json
[2026-02-04 14:37:21] [INFO] Preparing to send completion notifications to 2 recipient(s) using MailKit...
[2026-02-04 14:37:21] [DEBUG] Email credential loaded from C:\Users\MIS2\.face-recog\email-credential.xml
[2026-02-04 14:37:21] [DEBUG] Found latest run log: run_2026-02-04_09-43-55.log
[2026-02-04 14:37:21] [DEBUG] Found metadata.json
[2026-02-04 14:37:21] [INFO] Using MailKit v4.14.0.0 for email sending
[2026-02-04 14:37:21] [INFO] Sending emails in 2 different language(s) using MailKit
[2026-02-04 14:37:21] [INFO] Sending English email to: faridraihan17@gmail.com
[2026-02-04 14:37:21] [ERROR] Failed to send email using MailKit: Unable to find type [MailKit.Multipart].
[2026-02-04 14:37:21] [DEBUG] Stack trace: at Send-MailKitEmail, D:\RaihanFarid\Dokumen\faceRecog\ProjectKnowledgeBase\active\projects\maskRecog\patterns\scripts\1_magick\0_monitor_email_Magick-exp1.ps1: line 1978
at Send-CompletionEmail, D:\RaihanFarid\Dokumen\faceRecog\ProjectKnowledgeBase\active\projects\maskRecog\patterns\scripts\1_magick\0_monitor_email_Magick-exp1.ps1: line 1774
at <ScriptBlock>, D:\RaihanFarid\Dokumen\faceRecog\ProjectKnowledgeBase\active\projects\maskRecog\patterns\scripts\1_magick\0_monitor_email_Magick-exp1.ps1: line 3560
[2026-02-04 14:37:21] [ERROR] Failed to send English email to 1 recipient(s) using MailKit
[2026-02-04 14:37:21] [INFO] Sending Bahasa email to: ikeepmypromiz@gmail.com
[2026-02-04 14:37:21] [ERROR] Failed to send email using MailKit: Unable to find type [MailKit.Multipart].
[2026-02-04 14:37:21] [DEBUG] Stack trace: at Send-MailKitEmail, D:\RaihanFarid\Dokumen\faceRecog\ProjectKnowledgeBase\active\projects\maskRecog\patterns\scripts\1_magick\0_monitor_email_Magick-exp1.ps1: line 1978
at Send-CompletionEmail, D:\RaihanFarid\Dokumen\faceRecog\ProjectKnowledgeBase\active\projects\maskRecog\patterns\scripts\1_magick\0_monitor_email_Magick-exp1.ps1: line 1774
at <ScriptBlock>, D:\RaihanFarid\Dokumen\faceRecog\ProjectKnowledgeBase\active\projects\maskRecog\patterns\scripts\1_magick\0_monitor_email_Magick-exp1.ps1: line 3560
[2026-02-04 14:37:21] [ERROR] Failed to send Bahasa email to 1 recipient(s) using MailKit
[2026-02-04 14:37:21] [ERROR] All emails failed to send using MailKit
[2026-02-04 14:37:22] [WARN] Failed to send some or all completion emails, but process completed successfully.
[2026-02-04 14:37:22] [SUCCESS] Face recognition pipeline completed successfully!
[2026-02-04 14:37:22] [INFO] Initiating graceful shutdown: Schedule completed
[2026-02-04 14:37:22] [DEBUG] Sudden termination tracking saved
[2026-02-04 14:37:22] [DEBUG] Sudden termination tracking saved
[2026-02-04 14:37:22] [SUCCESS] Graceful shutdown completed successfully
[2026-02-04 14:37:22] [INFO] Process completed. Stopping monitor as configured...
[2026-02-04 14:37:22] [INFO] Cleaning up...
[2026-02-04 14:37:22] [INFO] === Face Recognition Monitor Stopped ===
[2026-02-04 14:43:28] [INFO] === Face Recognition Monitor Started ===
[2026-02-04 14:43:28] [INFO] Monitor Version: 2.1 (Enhanced with MailKit Verification)
[2026-02-04 14:43:28] [INFO] Performing early MailKit assembly verification...
[2026-02-04 14:43:28] [INFO] Generating MailKit status report...
[2026-02-04 14:43:28] [INFO] Starting MailKit assembly verification...
[2026-02-04 14:43:28] [INFO] MailKit is already loaded into current AppDomain
[2026-02-04 14:43:29] [DEBUG]   - MailKit Version: 4.14.0.0
[2026-02-04 14:43:29] [DEBUG]   - MimeKit Version: 4.14.0.0
[2026-02-04 14:43:29] [SUCCESS] MailKit is ready for email functionality
[2026-02-04 14:43:29] [INFO]   - Assembly: PreLoaded
[2026-02-04 14:43:29] [INFO]   - Version: 4.14.0.0
[2026-02-04 14:43:29] [INFO] Performing startup cleanup check...
[2026-02-04 14:43:29] [INFO] Loaded sudden termination tracking: 1 total events, current streak: 0
[2026-02-04 14:43:29] [INFO] No orphaned processes found on startup
[2026-02-04 14:43:29] [INFO] Testing email configuration with enhanced MailKit verification...
[2026-02-04 14:43:29] [INFO] Generating MailKit status report...
[2026-02-04 14:43:29] [INFO] Starting MailKit assembly verification...
[2026-02-04 14:43:29] [INFO] MailKit is already loaded into current AppDomain
[2026-02-04 14:43:29] [DEBUG]   - MailKit Version: 4.14.0.0
[2026-02-04 14:43:29] [DEBUG]   - MimeKit Version: 4.14.0.0
[2026-02-04 14:43:29] [INFO] Generating MailKit status report...
[2026-02-04 14:43:29] [INFO] Starting MailKit assembly verification...
[2026-02-04 14:43:29] [INFO] MailKit is already loaded into current AppDomain
[2026-02-04 14:43:29] [DEBUG]   - MailKit Version: 4.14.0.0
[2026-02-04 14:43:29] [DEBUG]   - MimeKit Version: 4.14.0.0
=== MAILKIT STATUS REPORT ===
Timestamp: 2026-02-04 14:43:29
Overall Status: READY

ASSEMBLY STATUS:
- Available: True
- Load Method: PreLoaded
- MailKit Version: 4.14.0.0
- MimeKit Version: 4.14.0.0
- Dependencies: True

CONFIGURATION STATUS:
- Email Enabled: True
- SMTP Configured: True
- Credential File: True
- Recipients: True
- SMTP Server: smtp.gmail.com
- SMTP Port: 587
- SSL: True

SYSTEM INFORMATION:
- PowerShell: 7.5.4
- CLR: Unknown
- OS: Microsoft Windows NT 10.0.26200.0
- Host: MIS02

RECOMMENDATIONS:

[2026-02-04 14:43:29] [INFO] MailKit status report written to log
[2026-02-04 14:43:29] [INFO] Verifying MailKit assembly...
[2026-02-04 14:43:29] [SUCCESS] MailKit assembly verification PASSED
[2026-02-04 14:43:29] [INFO]   - Load Method: PreLoaded
[2026-02-04 14:43:29] [INFO]   - MailKit Version: 4.14.0.0
[2026-02-04 14:43:29] [INFO]   - MimeKit Version: 4.14.0.0
[2026-02-04 14:43:29] [INFO] Verifying SMTP configuration...
[2026-02-04 14:43:29] [SUCCESS] SMTP configuration verification PASSED
[2026-02-04 14:43:29] [INFO]   - Server: smtp.gmail.com:587
[2026-02-04 14:43:29] [INFO]   - SSL: True
[2026-02-04 14:43:29] [INFO] Verifying email recipients...
[2026-02-04 14:43:29] [SUCCESS] Found 2 email recipient(s)
[2026-02-04 14:43:29] [INFO] Verifying email credentials...
[2026-02-04 14:43:29] [SUCCESS] Email credential verification PASSED
[2026-02-04 14:43:29] [INFO]   - Credential file: C:\Users\MIS2\.face-recog\email-credential.xml
[2026-02-04 14:43:29] [INFO] GMAIL CONFIGURATION NOTES:
[2026-02-04 14:43:29] [INFO] - Using SMTP: smtp.gmail.com:587
[2026-02-04 14:43:29] [INFO] - SSL Enabled: True
[2026-02-04 14:43:29] [INFO] - Ensure you're using an App Password, not your regular password
[2026-02-04 14:43:29] [INFO] - Gmail attachment limit: 25 MB total
[2026-02-04 14:43:29] [INFO] - Enable 2-Step Verification in Google Account
[2026-02-04 14:43:29] [INFO] - Generate App Password: https://myaccount.google.com/apppasswords
[2026-02-04 14:43:29] [SUCCESS] Email configuration validation COMPLETE
[2026-02-04 14:43:29] [INFO] Overall status: READY
[2026-02-04 14:43:30] [INFO] Skipping interactive test email prompt as per configuration
[2026-02-04 14:43:30] [SUCCESS] Email configuration validated successfully
[2026-02-04 14:43:30] [DEBUG] No PID tracking file found
[2026-02-04 14:43:30] [DEBUG] Check: 14:43:30 | Window: Inactive | Python: Stopped
[2026-02-04 14:43:30] [INFO] End time reached - no active processes to stop
[2026-02-04 14:43:30] [INFO] Initiating graceful shutdown: Schedule completed
[2026-02-04 14:43:30] [INFO] Cleaning up...
[2026-02-04 14:43:30] [INFO] === Face Recognition Monitor Stopped ===
[2026-02-04 14:44:10] [INFO] === Face Recognition Monitor Started ===
[2026-02-04 14:44:10] [INFO] Monitor Version: 2.1 (Enhanced with MailKit Verification)
[2026-02-04 14:44:10] [INFO] Performing early MailKit assembly verification...
[2026-02-04 14:44:10] [INFO] Generating MailKit status report...
[2026-02-04 14:44:10] [INFO] Starting MailKit assembly verification...
[2026-02-04 14:44:10] [INFO] MailKit is already loaded into current AppDomain
[2026-02-04 14:44:10] [DEBUG]   - MailKit Version: 4.14.0.0
[2026-02-04 14:44:11] [DEBUG]   - MimeKit Version: 4.14.0.0
[2026-02-04 14:44:11] [SUCCESS] MailKit is ready for email functionality
[2026-02-04 14:44:11] [INFO]   - Assembly: PreLoaded
[2026-02-04 14:44:11] [INFO]   - Version: 4.14.0.0
[2026-02-04 14:44:11] [INFO] Performing startup cleanup check...
[2026-02-04 14:44:11] [INFO] Loaded sudden termination tracking: 1 total events, current streak: 0
[2026-02-04 14:44:11] [INFO] No orphaned processes found on startup
[2026-02-04 14:44:11] [INFO] Testing email configuration with enhanced MailKit verification...
[2026-02-04 14:44:11] [INFO] Generating MailKit status report...
[2026-02-04 14:44:11] [INFO] Starting MailKit assembly verification...
[2026-02-04 14:44:11] [INFO] MailKit is already loaded into current AppDomain
[2026-02-04 14:44:11] [DEBUG]   - MailKit Version: 4.14.0.0
[2026-02-04 14:44:11] [DEBUG]   - MimeKit Version: 4.14.0.0
[2026-02-04 14:44:11] [INFO] Generating MailKit status report...
[2026-02-04 14:44:11] [INFO] Starting MailKit assembly verification...
[2026-02-04 14:44:11] [INFO] MailKit is already loaded into current AppDomain
[2026-02-04 14:44:11] [DEBUG]   - MailKit Version: 4.14.0.0
[2026-02-04 14:44:11] [DEBUG]   - MimeKit Version: 4.14.0.0
=== MAILKIT STATUS REPORT ===
Timestamp: 2026-02-04 14:44:11
Overall Status: READY

ASSEMBLY STATUS:
- Available: True
- Load Method: PreLoaded
- MailKit Version: 4.14.0.0
- MimeKit Version: 4.14.0.0
- Dependencies: True

CONFIGURATION STATUS:
- Email Enabled: True
- SMTP Configured: True
- Credential File: True
- Recipients: True
- SMTP Server: smtp.gmail.com
- SMTP Port: 587
- SSL: True

SYSTEM INFORMATION:
- PowerShell: 7.5.4
- CLR: Unknown
- OS: Microsoft Windows NT 10.0.26200.0
- Host: MIS02

RECOMMENDATIONS:

[2026-02-04 14:44:11] [INFO] MailKit status report written to log
[2026-02-04 14:44:11] [INFO] Verifying MailKit assembly...
[2026-02-04 14:44:11] [SUCCESS] MailKit assembly verification PASSED
[2026-02-04 14:44:11] [INFO]   - Load Method: PreLoaded
[2026-02-04 14:44:11] [INFO]   - MailKit Version: 4.14.0.0
[2026-02-04 14:44:11] [INFO]   - MimeKit Version: 4.14.0.0
[2026-02-04 14:44:11] [INFO] Verifying SMTP configuration...
[2026-02-04 14:44:11] [SUCCESS] SMTP configuration verification PASSED
[2026-02-04 14:44:11] [INFO]   - Server: smtp.gmail.com:587
[2026-02-04 14:44:11] [INFO]   - SSL: True
[2026-02-04 14:44:11] [INFO] Verifying email recipients...
[2026-02-04 14:44:11] [SUCCESS] Found 2 email recipient(s)
[2026-02-04 14:44:11] [INFO] Verifying email credentials...
[2026-02-04 14:44:11] [SUCCESS] Email credential verification PASSED
[2026-02-04 14:44:11] [INFO]   - Credential file: C:\Users\MIS2\.face-recog\email-credential.xml
[2026-02-04 14:44:11] [INFO] GMAIL CONFIGURATION NOTES:
[2026-02-04 14:44:11] [INFO] - Using SMTP: smtp.gmail.com:587
[2026-02-04 14:44:11] [INFO] - SSL Enabled: True
[2026-02-04 14:44:11] [INFO] - Ensure you're using an App Password, not your regular password
[2026-02-04 14:44:11] [INFO] - Gmail attachment limit: 25 MB total
[2026-02-04 14:44:11] [INFO] - Enable 2-Step Verification in Google Account
[2026-02-04 14:44:11] [INFO] - Generate App Password: https://myaccount.google.com/apppasswords
[2026-02-04 14:44:11] [SUCCESS] Email configuration validation COMPLETE
[2026-02-04 14:44:11] [INFO] Overall status: READY
[2026-02-04 14:44:11] [INFO] Skipping interactive test email prompt as per configuration
[2026-02-04 14:44:11] [SUCCESS] Email configuration validated successfully
[2026-02-04 14:44:11] [DEBUG] No PID tracking file found
[2026-02-04 14:44:12] [DEBUG] Check: 14:44:12 | Window: Active | Python: Stopped
[2026-02-04 14:44:12] [DEBUG] Check: 14:44:12 | Window: Active | Python: Stopped
[2026-02-04 14:44:12] [INFO] Time window active and no Python process running - starting worker...
[2026-02-04 14:44:12] [DEBUG] Searching for Python process...
[2026-02-04 14:44:12] [DEBUG] No Python process found matching criteria
[2026-02-04 14:44:12] [INFO] Starting face recognition worker process...
[2026-02-04 14:44:12] [SUCCESS] Worker process started (PID: 6524)
[2026-02-04 14:44:12] [INFO] Waiting for Python process to start...
[2026-02-04 14:44:12] [DEBUG] Searching for Python process...
[2026-02-04 14:44:12] [DEBUG] No Python process found matching criteria
[2026-02-04 14:44:14] [DEBUG] Searching for Python process...
[2026-02-04 14:44:15] [SUCCESS] Found Python process with our script: PID=21232
[2026-02-04 14:44:15] [SUCCESS] Python process found (PID: 21232)
[2026-02-04 14:44:15] [DEBUG] PID tracking saved: WorkerPID=6524, PythonPID=21232
[2026-02-04 14:44:15] [SUCCESS] Worker started. Monitoring Python process...
[2026-02-04 14:44:30] [DEBUG] Check: 14:44:30 | Window: Active | Python: Running (PID: 21232)
[2026-02-04 14:44:45] [DEBUG] Check: 14:44:45 | Window: Active | Python: Running (PID: 21232)
[2026-02-04 14:45:00] [INFO] Generating MailKit status report...
[2026-02-04 14:45:00] [INFO] Starting MailKit assembly verification...
[2026-02-04 14:45:00] [INFO] MailKit is already loaded into current AppDomain
[2026-02-04 14:45:00] [DEBUG]   - MailKit Version: 4.14.0.0
[2026-02-04 14:45:00] [DEBUG]   - MimeKit Version: 4.14.0.0
[2026-02-04 14:45:01] [DEBUG] Check: 14:45:00 | Window: Inactive | Python: Running (PID: 21232)
[2026-02-04 14:45:01] [INFO] End time reached - stopping processes...
[2026-02-04 14:45:01] [INFO] Stopping Python process (PID: 21232)...
[2026-02-04 14:45:03] [WARN] Forcefully terminating Python process...
[2026-02-04 14:45:03] [SUCCESS] Python process terminated
[2026-02-04 14:45:03] [INFO] Stopping worker process (PID: 6524)...
[2026-02-04 14:45:05] [SUCCESS] Worker process exited gracefully
[2026-02-04 14:45:05] [DEBUG] Removed PID tracking file
[2026-02-04 14:45:05] [INFO] Stopped processes: Python, Worker
[2026-02-04 14:45:05] [INFO] Waiting for output generation...
[2026-02-04 14:45:15] [INFO] Validating worker output...
[2026-02-04 14:45:15] [INFO] Validating face recognition output structure...
[2026-02-04 14:45:15] [INFO] Validating folder structure for: Magick_Process_MaskDetect_2026-02-04_09-43-55
[2026-02-04 14:45:15] [DEBUG] Found subfolder: logs
[2026-02-04 14:45:15] [DEBUG] Found subfolder: script_output
[2026-02-04 14:45:15] [DEBUG] Metadata file is valid JSON
[2026-02-04 14:45:15] [DEBUG] Metadata file size: 1.33 KB
[2026-02-04 14:45:15] [DEBUG] Found 3 log files
[2026-02-04 14:45:15] [DEBUG] completion_summary.txt size: 4.38 KB
[2026-02-04 14:45:15] [DEBUG] python_output.txt size: 41.91 KB
[2026-02-04 14:45:15] [DEBUG] Latest run log: run_2026-02-04_09-43-55.log (2.66 KB)
[2026-02-04 14:45:15] [DEBUG] Script output contains 1 items
[2026-02-04 14:45:15] [DEBUG] Total folder size: 0.05 MB
[2026-02-04 14:45:15] [DEBUG] Total attachment size: 0.01 MB
[2026-02-04 14:45:15] [SUCCESS] VALIDATION SUCCESS: Folder structure complete
[2026-02-04 14:45:15] [SUCCESS]   - Path: D:\RaihanFarid\Dokumen\faceRecog\ProjectKnowledgeBase\active\logs-running\magick\Magick_Process_MaskDetect_2026-02-04_09-43-55
[2026-02-04 14:45:15] [SUCCESS]   - Created: 02/04/2026 09:43:55
[2026-02-04 14:45:15] [SUCCESS]   - Size: 0.05 MB
[2026-02-04 14:45:15] [SUCCESS]   - Attachments: 0.01 MB
[2026-02-04 14:45:15] [DEBUG] Configuration backed up to: D:\RaihanFarid\Dokumen\faceRecog\ProjectKnowledgeBase\active\logs-running\magick\config_backup_20260204_144515.json
[2026-02-04 14:45:15] [INFO] Preparing to send completion notifications to 2 recipient(s) using MailKit...
[2026-02-04 14:45:15] [DEBUG] Email credential loaded from C:\Users\MIS2\.face-recog\email-credential.xml
[2026-02-04 14:45:15] [DEBUG] Found latest run log: run_2026-02-04_09-43-55.log
[2026-02-04 14:45:15] [DEBUG] Found metadata.json
[2026-02-04 14:45:15] [INFO] Using MailKit v4.14.0.0 for email sending
[2026-02-04 14:45:15] [INFO] Sending emails in 2 different language(s) using MailKit
[2026-02-04 14:45:15] [INFO] Sending English email to: faridraihan17@gmail.com
[2026-02-04 14:45:16] [DEBUG] Using MailKit 4.0+ API for message construction
[2026-02-04 14:45:16] [DEBUG] Added attachment using BodyBuilder: D:\RaihanFarid\Dokumen\faceRecog\ProjectKnowledgeBase\active\logs-running\magick\Magick_Process_MaskDetect_2026-02-04_09-43-55\logs\run_2026-02-04_09-43-55.log
[2026-02-04 14:45:16] [DEBUG] Added attachment using BodyBuilder: D:\RaihanFarid\Dokumen\faceRecog\ProjectKnowledgeBase\active\logs-running\magick\Magick_Process_MaskDetect_2026-02-04_09-43-55\metadata.json
[2026-02-04 14:45:16] [DEBUG] Connecting to SMTP server smtp.gmail.com:587 (SSL: True)...
[2026-02-04 14:45:17] [DEBUG] Authenticating as faridraihan17@gmail.com...
[2026-02-04 14:45:17] [DEBUG] Sending email...
[2026-02-04 14:45:19] [SUCCESS] Email sent successfully using MailKit
[2026-02-04 14:45:19] [SUCCESS] Successfully sent English email to 1 recipient(s) using MailKit
[2026-02-04 14:45:19] [INFO] Sending Bahasa email to: ikeepmypromiz@gmail.com
[2026-02-04 14:45:19] [DEBUG] Using MailKit 4.0+ API for message construction
[2026-02-04 14:45:19] [DEBUG] Added attachment using BodyBuilder: D:\RaihanFarid\Dokumen\faceRecog\ProjectKnowledgeBase\active\logs-running\magick\Magick_Process_MaskDetect_2026-02-04_09-43-55\logs\run_2026-02-04_09-43-55.log
[2026-02-04 14:45:19] [DEBUG] Added attachment using BodyBuilder: D:\RaihanFarid\Dokumen\faceRecog\ProjectKnowledgeBase\active\logs-running\magick\Magick_Process_MaskDetect_2026-02-04_09-43-55\metadata.json
[2026-02-04 14:45:19] [DEBUG] Connecting to SMTP server smtp.gmail.com:587 (SSL: True)...
[2026-02-04 14:45:21] [DEBUG] Authenticating as faridraihan17@gmail.com...
[2026-02-04 14:45:21] [DEBUG] Sending email...
[2026-02-04 14:45:23] [SUCCESS] Email sent successfully using MailKit
[2026-02-04 14:45:23] [SUCCESS] Successfully sent Bahasa email to 1 recipient(s) using MailKit
[2026-02-04 14:45:23] [SUCCESS] All emails sent successfully using MailKit (2 total recipients)
[2026-02-04 14:45:23] [SUCCESS] Completion emails sent successfully.
[2026-02-04 14:45:23] [SUCCESS] Face recognition pipeline completed successfully!
[2026-02-04 14:45:23] [INFO] Initiating graceful shutdown: Schedule completed
[2026-02-04 14:45:23] [DEBUG] Sudden termination tracking saved
[2026-02-04 14:45:23] [DEBUG] Sudden termination tracking saved
[2026-02-04 14:45:23] [SUCCESS] Graceful shutdown completed successfully
[2026-02-04 14:45:23] [INFO] Process completed. Stopping monitor as configured...
[2026-02-04 14:45:23] [INFO] Cleaning up...
[2026-02-04 14:45:23] [INFO] === Face Recognition Monitor Stopped ===
[2026-02-04 15:10:08] [INFO] =============== Face Recognition Monitor Started ===============
[2026-02-04 15:10:08] [INFO] Monitor Version: 2.1 (Enhanced with MailKit Verification)
[2026-02-04 15:10:09] [INFO] Performing early MailKit assembly verification...
[2026-02-04 15:10:09] [INFO] Generating MailKit status report...
[2026-02-04 15:10:09] [INFO] Starting MailKit assembly verification...
[2026-02-04 15:10:09] [INFO] MailKit is already loaded into current AppDomain
[2026-02-04 15:10:09] [DEBUG]   - MailKit Version: 4.14.0.0
[2026-02-04 15:10:09] [DEBUG]   - MimeKit Version: 4.14.0.0
[2026-02-04 15:10:09] [INFO] Performing startup cleanup check...
[2026-02-04 15:10:09] [INFO] Loaded sudden termination tracking: 1 total events, current streak: 0
[2026-02-04 15:10:09] [INFO] No orphaned processes found on startup
[2026-02-04 15:10:09] [INFO] Email notifications on completion are disabled
[2026-02-04 15:10:09] [DEBUG] No PID tracking file found
[2026-02-04 15:10:09] [DEBUG] Check: 15:10:09 | Window: Active | Python: Stopped
[2026-02-04 15:10:09] [DEBUG] Check: 15:10:09 | Window: Active | Python: Stopped
[2026-02-04 15:10:09] [INFO] Time window active and no Python process running - starting worker...
[2026-02-04 15:10:09] [DEBUG] Searching for Python process...
[2026-02-04 15:10:09] [DEBUG] No Python process found matching criteria
[2026-02-04 15:10:09] [INFO] Starting face recognition worker process...
[2026-02-04 15:10:09] [SUCCESS] Worker process started (PID: 17332)
[2026-02-04 15:10:09] [INFO] Waiting for Python process to start...
[2026-02-04 15:10:09] [DEBUG] Searching for Python process...
[2026-02-04 15:10:09] [DEBUG] No Python process found matching criteria
[2026-02-04 15:10:11] [DEBUG] Searching for Python process...
[2026-02-04 15:10:12] [SUCCESS] Found Python process with our script: PID=29920
[2026-02-04 15:10:12] [SUCCESS] Python process found (PID: 29920)
[2026-02-04 15:10:13] [DEBUG] PID tracking saved: WorkerPID=17332, PythonPID=29920
[2026-02-04 15:10:13] [SUCCESS] Worker started. Monitoring Python process...
[2026-02-04 15:10:28] [DEBUG] Check: 15:10:28 | Window: Active | Python: Running (PID: 29920)
[2026-02-04 15:10:43] [DEBUG] Check: 15:10:43 | Window: Active | Python: Running (PID: 29920)
[2026-02-04 15:10:58] [DEBUG] Searching for Python process...
[2026-02-04 15:10:58] [DEBUG] No Python process found matching criteria
[2026-02-04 15:10:58] [DEBUG] Check: 15:10:58 | Window: Active | Python: Stopped
[2026-02-04 15:10:58] [DEBUG] Check: 15:10:58 | Window: Active | Python: Stopped
[2026-02-04 15:10:58] [INFO] Time window active and no Python process running - starting worker...
[2026-02-04 15:10:58] [DEBUG] Skipping worker start - too soon after last attempt (60s cooldown)
[2026-02-04 15:11:13] [DEBUG] Check: 15:11:13 | Window: Active | Python: Stopped
[2026-02-04 15:11:13] [DEBUG] Check: 15:11:13 | Window: Active | Python: Stopped
[2026-02-04 15:11:13] [INFO] Time window active and no Python process running - starting worker...
[2026-02-04 15:11:13] [DEBUG] Searching for Python process...
[2026-02-04 15:11:13] [DEBUG] No Python process found matching criteria
[2026-02-04 15:11:13] [INFO] Starting face recognition worker process...
[2026-02-04 15:11:13] [SUCCESS] Worker process started (PID: 12508)
[2026-02-04 15:11:13] [INFO] Waiting for Python process to start...
[2026-02-04 15:11:13] [DEBUG] Searching for Python process...
[2026-02-04 15:11:13] [DEBUG] No Python process found matching criteria
[2026-02-04 15:11:15] [DEBUG] Searching for Python process...
[2026-02-04 15:11:15] [SUCCESS] Found Python process with our script: PID=19808
[2026-02-04 15:11:15] [SUCCESS] Python process found (PID: 19808)
[2026-02-04 15:11:15] [DEBUG] PID tracking saved: WorkerPID=12508, PythonPID=19808
[2026-02-04 15:11:15] [SUCCESS] Worker started. Monitoring Python process...
[2026-02-04 15:11:30] [DEBUG] Check: 15:11:30 | Window: Active | Python: Running (PID: 19808)
[2026-02-04 15:11:45] [DEBUG] Check: 15:11:45 | Window: Active | Python: Running (PID: 19808)
[2026-02-04 15:12:00] [DEBUG] Searching for Python process...
[2026-02-04 15:12:00] [DEBUG] No Python process found matching criteria
[2026-02-04 15:12:00] [INFO] Generating MailKit status report...
[2026-02-04 15:12:00] [INFO] Starting MailKit assembly verification...
[2026-02-04 15:12:00] [INFO] MailKit is already loaded into current AppDomain
[2026-02-04 15:12:00] [DEBUG]   - MailKit Version: 4.14.0.0
[2026-02-04 15:12:00] [DEBUG]   - MimeKit Version: 4.14.0.0
[2026-02-04 15:12:00] [DEBUG] Check: 15:12:00 | Window: Inactive | Python: Stopped
[2026-02-04 15:12:00] [INFO] End time reached - no active processes to stop
[2026-02-04 15:12:00] [INFO] Initiating graceful shutdown: Schedule completed
[2026-02-04 15:12:00] [INFO] Stopping Python process (PID: 19808)...
[2026-02-04 15:12:00] [ERROR] Error stopping Python process: Cannot find a process with the process identifier 19808.
[2026-02-04 15:12:01] [INFO] Stopping worker process (PID: 12508)...
[2026-02-04 15:12:01] [ERROR] Error stopping worker process: Cannot find a process with the process identifier 12508.
[2026-02-04 15:12:01] [DEBUG] Removed PID tracking file
[2026-02-04 15:12:01] [DEBUG] Sudden termination tracking saved
[2026-02-04 15:12:01] [DEBUG] Sudden termination tracking saved
[2026-02-04 15:12:01] [SUCCESS] Graceful shutdown completed successfully
[2026-02-04 15:12:01] [INFO] Process completed. Stopping monitor as configured...
[2026-02-04 15:12:01] [INFO] Cleaning up...
[2026-02-04 15:12:01] [INFO] =============== Face Recognition Monitor Stopped ===============
[2026-02-04 15:13:36] [INFO] =============== Face Recognition Monitor Started ===============
[2026-02-04 15:13:36] [INFO] Monitor Version: 2.1 (Enhanced with MailKit Verification)
[2026-02-04 15:13:36] [INFO] Performing early MailKit assembly verification...
[2026-02-04 15:13:36] [INFO] Generating MailKit status report...
[2026-02-04 15:13:36] [INFO] Starting MailKit assembly verification...
[2026-02-04 15:13:36] [INFO] MailKit is already loaded into current AppDomain
[2026-02-04 15:13:36] [DEBUG]   - MailKit Version: 4.14.0.0
[2026-02-04 15:13:36] [DEBUG]   - MimeKit Version: 4.14.0.0
[2026-02-04 15:13:36] [SUCCESS] MailKit is ready for email functionality
[2026-02-04 15:13:36] [INFO]   - Assembly: PreLoaded
[2026-02-04 15:13:36] [INFO]   - Version: 4.14.0.0
[2026-02-04 15:13:36] [INFO] Performing startup cleanup check...
[2026-02-04 15:13:36] [INFO] Loaded sudden termination tracking: 1 total events, current streak: 0
[2026-02-04 15:13:36] [INFO] No orphaned processes found on startup
[2026-02-04 15:13:36] [INFO] Testing email configuration with enhanced MailKit verification...
[2026-02-04 15:13:36] [INFO] Generating MailKit status report...
[2026-02-04 15:13:36] [INFO] Starting MailKit assembly verification...
[2026-02-04 15:13:36] [INFO] MailKit is already loaded into current AppDomain
[2026-02-04 15:13:36] [DEBUG]   - MailKit Version: 4.14.0.0
[2026-02-04 15:13:36] [DEBUG]   - MimeKit Version: 4.14.0.0
[2026-02-04 15:13:36] [INFO] Generating MailKit status report...
[2026-02-04 15:13:36] [INFO] Starting MailKit assembly verification...
[2026-02-04 15:13:36] [INFO] MailKit is already loaded into current AppDomain
[2026-02-04 15:13:36] [DEBUG]   - MailKit Version: 4.14.0.0
[2026-02-04 15:13:36] [DEBUG]   - MimeKit Version: 4.14.0.0
=== MAILKIT STATUS REPORT ===
Timestamp: 2026-02-04 15:13:36
Overall Status: READY

ASSEMBLY STATUS:
- Available: True
- Load Method: PreLoaded
- MailKit Version: 4.14.0.0
- MimeKit Version: 4.14.0.0
- Dependencies: True

CONFIGURATION STATUS:
- Email Enabled: True
- SMTP Configured: True
- Credential File: True
- Recipients: True
- SMTP Server: smtp.gmail.com
- SMTP Port: 587
- SSL: True

SYSTEM INFORMATION:
- PowerShell: 7.5.4
- CLR: Unknown
- OS: Microsoft Windows NT 10.0.26200.0
- Host: MIS02

RECOMMENDATIONS:

[2026-02-04 15:13:36] [INFO] MailKit status report written to log
[2026-02-04 15:13:36] [INFO] Verifying MailKit assembly...
[2026-02-04 15:13:36] [SUCCESS] MailKit assembly verification PASSED
[2026-02-04 15:13:36] [INFO]   - Load Method: PreLoaded
[2026-02-04 15:13:36] [INFO]   - MailKit Version: 4.14.0.0
[2026-02-04 15:13:36] [INFO]   - MimeKit Version: 4.14.0.0
[2026-02-04 15:13:36] [INFO] Verifying SMTP configuration...
[2026-02-04 15:13:36] [SUCCESS] SMTP configuration verification PASSED
[2026-02-04 15:13:36] [INFO]   - Server: smtp.gmail.com:587
[2026-02-04 15:13:36] [INFO]   - SSL: True
[2026-02-04 15:13:37] [INFO] Verifying email recipients...
[2026-02-04 15:13:37] [SUCCESS] Found 2 email recipient(s)
[2026-02-04 15:13:37] [INFO] Verifying email credentials...
[2026-02-04 15:13:37] [SUCCESS] Email credential verification PASSED
[2026-02-04 15:13:37] [INFO]   - Credential file: C:\Users\MIS2\.face-recog\email-credential.xml
[2026-02-04 15:13:37] [INFO] GMAIL CONFIGURATION NOTES:
[2026-02-04 15:13:37] [INFO] - Using SMTP: smtp.gmail.com:587
[2026-02-04 15:13:37] [INFO] - SSL Enabled: True
[2026-02-04 15:13:37] [INFO] - Ensure you're using an App Password, not your regular password
[2026-02-04 15:13:37] [INFO] - Gmail attachment limit: 25 MB total
[2026-02-04 15:13:37] [INFO] - Enable 2-Step Verification in Google Account
[2026-02-04 15:13:37] [INFO] - Generate App Password: https://myaccount.google.com/apppasswords
[2026-02-04 15:13:37] [SUCCESS] Email configuration validation COMPLETE
[2026-02-04 15:13:37] [INFO] Overall status: READY
[2026-02-04 15:13:37] [INFO] Skipping interactive test email prompt as per configuration
[2026-02-04 15:13:37] [SUCCESS] Email configuration validated successfully
[2026-02-04 15:13:37] [DEBUG] No PID tracking file found
[2026-02-04 15:13:37] [DEBUG] Check: 15:13:37 | Window: Active | Python: Stopped
[2026-02-04 15:13:37] [DEBUG] Check: 15:13:37 | Window: Active | Python: Stopped
[2026-02-04 15:13:37] [INFO] Time window active and no Python process running - starting worker...
[2026-02-04 15:13:37] [DEBUG] Searching for Python process...
[2026-02-04 15:13:37] [DEBUG] No Python process found matching criteria
[2026-02-04 15:13:37] [INFO] Starting face recognition worker process...
[2026-02-04 15:13:37] [SUCCESS] Worker process started (PID: 42724)
[2026-02-04 15:13:37] [INFO] Waiting for Python process to start...
[2026-02-04 15:13:37] [DEBUG] Searching for Python process...
[2026-02-04 15:13:37] [DEBUG] No Python process found matching criteria
[2026-02-04 15:13:39] [DEBUG] Searching for Python process...
[2026-02-04 15:13:40] [SUCCESS] Found Python process with our script: PID=12092
[2026-02-04 15:13:40] [SUCCESS] Python process found (PID: 12092)
[2026-02-04 15:13:40] [DEBUG] PID tracking saved: WorkerPID=42724, PythonPID=12092
[2026-02-04 15:13:40] [SUCCESS] Worker started. Monitoring Python process...
[2026-02-04 15:13:48] [INFO] Cleaning up...
[2026-02-04 15:13:48] [INFO] Stopping Python process (PID: 12092)...
[2026-02-04 15:13:50] [WARN] Forcefully terminating Python process...
[2026-02-04 15:13:50] [SUCCESS] Python process terminated
[2026-02-04 15:13:50] [INFO] Stopping worker process (PID: 42724)...
[2026-02-04 15:13:52] [SUCCESS] Worker process exited gracefully
[2026-02-04 15:13:52] [DEBUG] Removed PID tracking file
[2026-02-04 15:13:52] [INFO] Stopped processes: Python, Worker
[2026-02-04 15:13:52] [INFO] =============== Face Recognition Monitor Stopped ===============
[2026-02-04 15:14:02] [INFO] =============== Face Recognition Monitor Started ===============
[2026-02-04 15:14:02] [INFO] Monitor Version: 2.1 (Enhanced with MailKit Verification)
[2026-02-04 15:14:02] [INFO] Performing early MailKit assembly verification...
[2026-02-04 15:14:02] [INFO] Generating MailKit status report...
[2026-02-04 15:14:02] [INFO] Starting MailKit assembly verification...
[2026-02-04 15:14:02] [INFO] MailKit is already loaded into current AppDomain
[2026-02-04 15:14:02] [DEBUG]   - MailKit Version: 4.14.0.0
[2026-02-04 15:14:02] [DEBUG]   - MimeKit Version: 4.14.0.0
[2026-02-04 15:14:02] [SUCCESS] MailKit is ready for email functionality
[2026-02-04 15:14:02] [INFO]   - Assembly: PreLoaded
[2026-02-04 15:14:02] [INFO]   - Version: 4.14.0.0
[2026-02-04 15:14:02] [INFO] Performing startup cleanup check...
[2026-02-04 15:14:02] [INFO] Loaded sudden termination tracking: 1 total events, current streak: 0
[2026-02-04 15:14:02] [INFO] No orphaned processes found on startup
[2026-02-04 15:14:02] [INFO] Testing email configuration with enhanced MailKit verification...
[2026-02-04 15:14:02] [INFO] Generating MailKit status report...
[2026-02-04 15:14:02] [INFO] Starting MailKit assembly verification...
[2026-02-04 15:14:02] [INFO] MailKit is already loaded into current AppDomain
[2026-02-04 15:14:02] [DEBUG]   - MailKit Version: 4.14.0.0
[2026-02-04 15:14:02] [DEBUG]   - MimeKit Version: 4.14.0.0
[2026-02-04 15:14:02] [INFO] Generating MailKit status report...
[2026-02-04 15:14:02] [INFO] Starting MailKit assembly verification...
[2026-02-04 15:14:02] [INFO] MailKit is already loaded into current AppDomain
[2026-02-04 15:14:02] [DEBUG]   - MailKit Version: 4.14.0.0
[2026-02-04 15:14:02] [DEBUG]   - MimeKit Version: 4.14.0.0
=== MAILKIT STATUS REPORT ===
Timestamp: 2026-02-04 15:14:02
Overall Status: READY

ASSEMBLY STATUS:
- Available: True
- Load Method: PreLoaded
- MailKit Version: 4.14.0.0
- MimeKit Version: 4.14.0.0
- Dependencies: True

CONFIGURATION STATUS:
- Email Enabled: True
- SMTP Configured: True
- Credential File: True
- Recipients: True
- SMTP Server: smtp.gmail.com
- SMTP Port: 587
- SSL: True

SYSTEM INFORMATION:
- PowerShell: 7.5.4
- CLR: Unknown
- OS: Microsoft Windows NT 10.0.26200.0
- Host: MIS02

RECOMMENDATIONS:

[2026-02-04 15:14:02] [INFO] MailKit status report written to log
[2026-02-04 15:14:02] [INFO] Verifying MailKit assembly...
[2026-02-04 15:14:02] [SUCCESS] MailKit assembly verification PASSED
[2026-02-04 15:14:02] [INFO]   - Load Method: PreLoaded
[2026-02-04 15:14:02] [INFO]   - MailKit Version: 4.14.0.0
[2026-02-04 15:14:02] [INFO]   - MimeKit Version: 4.14.0.0
[2026-02-04 15:14:02] [INFO] Verifying SMTP configuration...
[2026-02-04 15:14:02] [SUCCESS] SMTP configuration verification PASSED
[2026-02-04 15:14:02] [INFO]   - Server: smtp.gmail.com:587
[2026-02-04 15:14:02] [INFO]   - SSL: True
[2026-02-04 15:14:03] [INFO] Verifying email recipients...
[2026-02-04 15:14:03] [SUCCESS] Found 2 email recipient(s)
[2026-02-04 15:14:03] [INFO] Verifying email credentials...
[2026-02-04 15:14:03] [SUCCESS] Email credential verification PASSED
[2026-02-04 15:14:03] [INFO]   - Credential file: C:\Users\MIS2\.face-recog\email-credential.xml
[2026-02-04 15:14:03] [INFO] GMAIL CONFIGURATION NOTES:
[2026-02-04 15:14:03] [INFO] - Using SMTP: smtp.gmail.com:587
[2026-02-04 15:14:03] [INFO] - SSL Enabled: True
[2026-02-04 15:14:03] [INFO] - Ensure you're using an App Password, not your regular password
[2026-02-04 15:14:03] [INFO] - Gmail attachment limit: 25 MB total
[2026-02-04 15:14:03] [INFO] - Enable 2-Step Verification in Google Account
[2026-02-04 15:14:03] [INFO] - Generate App Password: https://myaccount.google.com/apppasswords
[2026-02-04 15:14:03] [SUCCESS] Email configuration validation COMPLETE
[2026-02-04 15:14:03] [INFO] Overall status: READY
[2026-02-04 15:14:03] [INFO] Skipping interactive test email prompt as per configuration
[2026-02-04 15:14:03] [SUCCESS] Email configuration validated successfully
[2026-02-04 15:14:03] [DEBUG] No PID tracking file found
[2026-02-04 15:14:03] [DEBUG] Check: 15:14:03 | Window: Active | Python: Stopped
[2026-02-04 15:14:03] [DEBUG] Check: 15:14:03 | Window: Active | Python: Stopped
[2026-02-04 15:14:03] [INFO] Time window active and no Python process running - starting worker...
[2026-02-04 15:14:03] [DEBUG] Searching for Python process...
[2026-02-04 15:14:03] [DEBUG] No Python process found matching criteria
[2026-02-04 15:14:03] [INFO] Starting face recognition worker process...
[2026-02-04 15:14:03] [SUCCESS] Worker process started (PID: 6768)
[2026-02-04 15:14:03] [INFO] Waiting for Python process to start...
[2026-02-04 15:14:03] [DEBUG] Searching for Python process...
[2026-02-04 15:14:03] [DEBUG] No Python process found matching criteria
[2026-02-04 15:14:05] [DEBUG] Searching for Python process...
[2026-02-04 15:14:06] [SUCCESS] Found Python process with our script: PID=37012
[2026-02-04 15:14:06] [SUCCESS] Python process found (PID: 37012)
[2026-02-04 15:14:06] [DEBUG] PID tracking saved: WorkerPID=6768, PythonPID=37012
[2026-02-04 15:14:06] [SUCCESS] Worker started. Monitoring Python process...
[2026-02-04 15:14:21] [DEBUG] Check: 15:14:21 | Window: Active | Python: Running (PID: 37012)
[2026-02-04 15:14:36] [DEBUG] Searching for Python process...
[2026-02-04 15:14:36] [DEBUG] No Python process found matching criteria
[2026-02-04 15:14:36] [DEBUG] Check: 15:14:36 | Window: Active | Python: Stopped
[2026-02-04 15:14:36] [DEBUG] Check: 15:14:36 | Window: Active | Python: Stopped
[2026-02-04 15:14:36] [INFO] Time window active and no Python process running - starting worker...
[2026-02-04 15:14:36] [DEBUG] Skipping worker start - too soon after last attempt (60s cooldown)
[2026-02-04 15:14:52] [DEBUG] Check: 15:14:52 | Window: Active | Python: Stopped
[2026-02-04 15:14:52] [DEBUG] Check: 15:14:52 | Window: Active | Python: Stopped
[2026-02-04 15:14:52] [INFO] Time window active and no Python process running - starting worker...
[2026-02-04 15:14:52] [DEBUG] Skipping worker start - too soon after last attempt (60s cooldown)
[2026-02-04 15:15:07] [DEBUG] Check: 15:15:07 | Window: Inactive | Python: Stopped
[2026-02-04 15:15:07] [INFO] End time reached - no active processes to stop
[2026-02-04 15:15:07] [INFO] Initiating graceful shutdown: Schedule completed
[2026-02-04 15:15:07] [INFO] Stopping Python process (PID: 37012)...
[2026-02-04 15:15:07] [ERROR] Error stopping Python process: Cannot find a process with the process identifier 37012.
[2026-02-04 15:15:07] [INFO] Stopping worker process (PID: 6768)...
[2026-02-04 15:15:07] [ERROR] Error stopping worker process: Cannot find a process with the process identifier 6768.
[2026-02-04 15:15:07] [DEBUG] Removed PID tracking file
[2026-02-04 15:15:07] [DEBUG] Sudden termination tracking saved
[2026-02-04 15:15:07] [DEBUG] Sudden termination tracking saved
[2026-02-04 15:15:07] [SUCCESS] Graceful shutdown completed successfully
[2026-02-04 15:15:07] [INFO] Process completed. Stopping monitor as configured...
[2026-02-04 15:15:07] [INFO] Cleaning up...
[2026-02-04 15:15:07] [INFO] =============== Face Recognition Monitor Stopped ===============
[2026-02-04 15:15:28] [INFO] =============== Face Recognition Monitor Started ===============
[2026-02-04 15:15:28] [INFO] Monitor Version: 2.1 (Enhanced with MailKit Verification)
[2026-02-04 15:15:28] [INFO] Performing early MailKit assembly verification...
[2026-02-04 15:15:28] [INFO] Generating MailKit status report...
[2026-02-04 15:15:28] [INFO] Starting MailKit assembly verification...
[2026-02-04 15:15:28] [INFO] MailKit is already loaded into current AppDomain
[2026-02-04 15:15:28] [DEBUG]   - MailKit Version: 4.14.0.0
[2026-02-04 15:15:28] [DEBUG]   - MimeKit Version: 4.14.0.0
[2026-02-04 15:15:28] [SUCCESS] MailKit is ready for email functionality
[2026-02-04 15:15:28] [INFO]   - Assembly: PreLoaded
[2026-02-04 15:15:28] [INFO]   - Version: 4.14.0.0
[2026-02-04 15:15:28] [INFO] Performing startup cleanup check...
[2026-02-04 15:15:28] [INFO] Loaded sudden termination tracking: 1 total events, current streak: 0
[2026-02-04 15:15:28] [INFO] No orphaned processes found on startup
[2026-02-04 15:15:28] [INFO] Testing email configuration with enhanced MailKit verification...
[2026-02-04 15:15:28] [INFO] Generating MailKit status report...
[2026-02-04 15:15:28] [INFO] Starting MailKit assembly verification...
[2026-02-04 15:15:28] [INFO] MailKit is already loaded into current AppDomain
[2026-02-04 15:15:28] [DEBUG]   - MailKit Version: 4.14.0.0
[2026-02-04 15:15:28] [DEBUG]   - MimeKit Version: 4.14.0.0
[2026-02-04 15:15:28] [INFO] Generating MailKit status report...
[2026-02-04 15:15:28] [INFO] Starting MailKit assembly verification...
[2026-02-04 15:15:28] [INFO] MailKit is already loaded into current AppDomain
[2026-02-04 15:15:28] [DEBUG]   - MailKit Version: 4.14.0.0
[2026-02-04 15:15:28] [DEBUG]   - MimeKit Version: 4.14.0.0
=== MAILKIT STATUS REPORT ===
Timestamp: 2026-02-04 15:15:28
Overall Status: READY

ASSEMBLY STATUS:
- Available: True
- Load Method: PreLoaded
- MailKit Version: 4.14.0.0
- MimeKit Version: 4.14.0.0
- Dependencies: True

CONFIGURATION STATUS:
- Email Enabled: True
- SMTP Configured: True
- Credential File: True
- Recipients: True
- SMTP Server: smtp.gmail.com
- SMTP Port: 587
- SSL: True

SYSTEM INFORMATION:
- PowerShell: 7.5.4
- CLR: Unknown
- OS: Microsoft Windows NT 10.0.26200.0
- Host: MIS02

RECOMMENDATIONS:

[2026-02-04 15:15:29] [INFO] MailKit status report written to log
[2026-02-04 15:15:29] [INFO] Verifying MailKit assembly...
[2026-02-04 15:15:29] [SUCCESS] MailKit assembly verification PASSED
[2026-02-04 15:15:29] [INFO]   - Load Method: PreLoaded
[2026-02-04 15:15:29] [INFO]   - MailKit Version: 4.14.0.0
[2026-02-04 15:15:29] [INFO]   - MimeKit Version: 4.14.0.0
[2026-02-04 15:15:29] [INFO] Verifying SMTP configuration...
[2026-02-04 15:15:29] [SUCCESS] SMTP configuration verification PASSED
[2026-02-04 15:15:29] [INFO]   - Server: smtp.gmail.com:587
[2026-02-04 15:15:29] [INFO]   - SSL: True
[2026-02-04 15:15:29] [INFO] Verifying email recipients...
[2026-02-04 15:15:29] [SUCCESS] Found 2 email recipient(s)
[2026-02-04 15:15:29] [INFO] Verifying email credentials...
[2026-02-04 15:15:29] [SUCCESS] Email credential verification PASSED
[2026-02-04 15:15:29] [INFO]   - Credential file: C:\Users\MIS2\.face-recog\email-credential.xml
[2026-02-04 15:15:29] [INFO] GMAIL CONFIGURATION NOTES:
[2026-02-04 15:15:29] [INFO] - Using SMTP: smtp.gmail.com:587
[2026-02-04 15:15:29] [INFO] - SSL Enabled: True
[2026-02-04 15:15:29] [INFO] - Ensure you're using an App Password, not your regular password
[2026-02-04 15:15:29] [INFO] - Gmail attachment limit: 25 MB total
[2026-02-04 15:15:29] [INFO] - Enable 2-Step Verification in Google Account
[2026-02-04 15:15:29] [INFO] - Generate App Password: https://myaccount.google.com/apppasswords
[2026-02-04 15:15:29] [SUCCESS] Email configuration validation COMPLETE
[2026-02-04 15:15:29] [INFO] Overall status: READY
[2026-02-04 15:15:29] [INFO] Skipping interactive test email prompt as per configuration
[2026-02-04 15:15:29] [SUCCESS] Email configuration validated successfully
[2026-02-04 15:15:29] [DEBUG] No PID tracking file found
[2026-02-04 15:15:29] [DEBUG] Check: 15:15:29 | Window: Active | Python: Stopped
[2026-02-04 15:15:29] [DEBUG] Check: 15:15:29 | Window: Active | Python: Stopped
[2026-02-04 15:15:29] [INFO] Time window active and no Python process running - starting worker...
[2026-02-04 15:15:29] [DEBUG] Searching for Python process...
[2026-02-04 15:15:29] [DEBUG] No Python process found matching criteria
[2026-02-04 15:15:29] [INFO] Starting face recognition worker process...
[2026-02-04 15:15:29] [SUCCESS] Worker process started (PID: 18072)
[2026-02-04 15:15:29] [INFO] Waiting for Python process to start...
[2026-02-04 15:15:29] [DEBUG] Searching for Python process...
[2026-02-04 15:15:29] [DEBUG] No Python process found matching criteria
[2026-02-04 15:15:31] [DEBUG] Searching for Python process...
[2026-02-04 15:15:32] [SUCCESS] Found Python process with our script: PID=6956
[2026-02-04 15:15:32] [SUCCESS] Python process found (PID: 6956)
[2026-02-04 15:15:32] [DEBUG] PID tracking saved: WorkerPID=18072, PythonPID=6956
[2026-02-04 15:15:32] [SUCCESS] Worker started. Monitoring Python process...
[2026-02-04 15:15:48] [DEBUG] Check: 15:15:48 | Window: Active | Python: Running (PID: 6956)
[2026-02-04 15:16:03] [DEBUG] Searching for Python process...
[2026-02-04 15:16:03] [DEBUG] No Python process found matching criteria
[2026-02-04 15:16:03] [DEBUG] Check: 15:16:03 | Window: Active | Python: Stopped
[2026-02-04 15:16:03] [DEBUG] Check: 15:16:03 | Window: Active | Python: Stopped
[2026-02-04 15:16:03] [INFO] Time window active and no Python process running - starting worker...
[2026-02-04 15:16:03] [DEBUG] Skipping worker start - too soon after last attempt (60s cooldown)
[2026-02-04 15:16:18] [DEBUG] Check: 15:16:18 | Window: Active | Python: Stopped
[2026-02-04 15:16:18] [DEBUG] Check: 15:16:18 | Window: Active | Python: Stopped
[2026-02-04 15:16:18] [INFO] Time window active and no Python process running - starting worker...
[2026-02-04 15:16:18] [DEBUG] Skipping worker start - too soon after last attempt (60s cooldown)
[2026-02-04 15:16:33] [DEBUG] Check: 15:16:33 | Window: Active | Python: Stopped
[2026-02-04 15:16:33] [DEBUG] Check: 15:16:33 | Window: Active | Python: Stopped
[2026-02-04 15:16:33] [INFO] Time window active and no Python process running - starting worker...
[2026-02-04 15:16:33] [DEBUG] Searching for Python process...
[2026-02-04 15:16:33] [DEBUG] No Python process found matching criteria
[2026-02-04 15:16:33] [INFO] Starting face recognition worker process...
[2026-02-04 15:16:33] [SUCCESS] Worker process started (PID: 7964)
[2026-02-04 15:16:33] [INFO] Waiting for Python process to start...
[2026-02-04 15:16:33] [DEBUG] Searching for Python process...
[2026-02-04 15:16:33] [DEBUG] No Python process found matching criteria
[2026-02-04 15:16:35] [DEBUG] Searching for Python process...
[2026-02-04 15:16:35] [SUCCESS] Found Python process with our script: PID=31928
[2026-02-04 15:16:35] [SUCCESS] Python process found (PID: 31928)
[2026-02-04 15:16:35] [DEBUG] PID tracking saved: WorkerPID=7964, PythonPID=31928
[2026-02-04 15:16:35] [SUCCESS] Worker started. Monitoring Python process...
[2026-02-04 15:16:50] [DEBUG] Check: 15:16:50 | Window: Active | Python: Running (PID: 31928)
[2026-02-04 15:17:05] [DEBUG] Check: 15:17:05 | Window: Inactive | Python: Running (PID: 31928)
[2026-02-04 15:17:05] [INFO] End time reached - stopping processes...
[2026-02-04 15:17:05] [INFO] Stopping Python process (PID: 31928)...
[2026-02-04 15:17:07] [WARN] Forcefully terminating Python process...
[2026-02-04 15:17:07] [SUCCESS] Python process terminated
[2026-02-04 15:17:07] [INFO] Stopping worker process (PID: 7964)...
[2026-02-04 15:17:09] [SUCCESS] Worker process exited gracefully
[2026-02-04 15:17:09] [DEBUG] Removed PID tracking file
[2026-02-04 15:17:10] [INFO] Stopped processes: Python, Worker
[2026-02-04 15:17:10] [INFO] Waiting for output generation...
[2026-02-04 15:17:20] [INFO] Validating worker output...
[2026-02-04 15:17:20] [INFO] Validating face recognition output structure...
[2026-02-04 15:17:20] [INFO] Validating folder structure for: Magick_Process_MaskDetect_2026-02-03_16-58-54
[2026-02-04 15:17:20] [DEBUG] Found subfolder: logs
[2026-02-04 15:17:20] [DEBUG] Found subfolder: script_output
[2026-02-04 15:17:20] [DEBUG] Metadata file is valid JSON
[2026-02-04 15:17:20] [DEBUG] Metadata file size: 1.33 KB
[2026-02-04 15:17:20] [DEBUG] Found 3 log files
[2026-02-04 15:17:20] [DEBUG] completion_summary.txt size: 4.4 KB
[2026-02-04 15:17:20] [DEBUG] python_output.txt size: 115.31 KB
[2026-02-04 15:17:20] [DEBUG] Latest run log: run_2026-02-03_16-58-54.log (2.64 KB)
[2026-02-04 15:17:20] [DEBUG] Script output contains 1 items
[2026-02-04 15:17:20] [DEBUG] Total folder size: 0.12 MB
[2026-02-04 15:17:20] [DEBUG] Total attachment size: 0.01 MB
[2026-02-04 15:17:20] [SUCCESS] VALIDATION SUCCESS: Folder structure complete
[2026-02-04 15:17:20] [SUCCESS]   - Path: D:\RaihanFarid\Dokumen\faceRecog\ProjectKnowledgeBase\active\logs-running\magick\Magick_Process_MaskDetect_2026-02-03_16-58-54
[2026-02-04 15:17:20] [SUCCESS]   - Created: 02/03/2026 16:58:54
[2026-02-04 15:17:20] [SUCCESS]   - Size: 0.12 MB
[2026-02-04 15:17:20] [SUCCESS]   - Attachments: 0.01 MB
[2026-02-04 15:17:20] [DEBUG] Configuration backed up to: D:\RaihanFarid\Dokumen\faceRecog\ProjectKnowledgeBase\active\logs-running\magick\config_backup_20260204_151720.json
[2026-02-04 15:17:20] [INFO] Preparing to send completion notifications to 2 recipient(s) using MailKit...
[2026-02-04 15:17:20] [DEBUG] Email credential loaded from C:\Users\MIS2\.face-recog\email-credential.xml
[2026-02-04 15:17:20] [DEBUG] Found latest run log: run_2026-02-03_16-58-54.log
[2026-02-04 15:17:20] [DEBUG] Found metadata.json
[2026-02-04 15:17:20] [INFO] Using MailKit v4.14.0.0 for email sending
[2026-02-04 15:17:20] [INFO] Sending emails in 2 different language(s) using MailKit
[2026-02-04 15:17:20] [INFO] Sending English email to: faridraihan17@gmail.com
[2026-02-04 15:17:20] [DEBUG] Using MailKit 4.0+ API for message construction
[2026-02-04 15:17:20] [DEBUG] Added attachment using BodyBuilder: D:\RaihanFarid\Dokumen\faceRecog\ProjectKnowledgeBase\active\logs-running\magick\Magick_Process_MaskDetect_2026-02-03_16-58-54\logs\run_2026-02-03_16-58-54.log
[2026-02-04 15:17:20] [DEBUG] Added attachment using BodyBuilder: D:\RaihanFarid\Dokumen\faceRecog\ProjectKnowledgeBase\active\logs-running\magick\Magick_Process_MaskDetect_2026-02-03_16-58-54\metadata.json
[2026-02-04 15:17:20] [DEBUG] Connecting to SMTP server smtp.gmail.com:587 (SSL: True)...
[2026-02-04 15:17:21] [DEBUG] Authenticating as faridraihan17@gmail.com...
[2026-02-04 15:17:22] [DEBUG] Sending email...
[2026-02-04 15:17:24] [SUCCESS] Email sent successfully using MailKit
[2026-02-04 15:17:24] [SUCCESS] Successfully sent English email to 1 recipient(s) using MailKit
[2026-02-04 15:17:24] [INFO] Sending Bahasa email to: ikeepmypromiz@gmail.com
[2026-02-04 15:17:24] [DEBUG] Using MailKit 4.0+ API for message construction
[2026-02-04 15:17:24] [DEBUG] Added attachment using BodyBuilder: D:\RaihanFarid\Dokumen\faceRecog\ProjectKnowledgeBase\active\logs-running\magick\Magick_Process_MaskDetect_2026-02-03_16-58-54\logs\run_2026-02-03_16-58-54.log
[2026-02-04 15:17:24] [DEBUG] Added attachment using BodyBuilder: D:\RaihanFarid\Dokumen\faceRecog\ProjectKnowledgeBase\active\logs-running\magick\Magick_Process_MaskDetect_2026-02-03_16-58-54\metadata.json
[2026-02-04 15:17:24] [DEBUG] Connecting to SMTP server smtp.gmail.com:587 (SSL: True)...
[2026-02-04 15:17:25] [DEBUG] Authenticating as faridraihan17@gmail.com...
[2026-02-04 15:17:25] [DEBUG] Sending email...
[2026-02-04 15:17:27] [SUCCESS] Email sent successfully using MailKit
[2026-02-04 15:17:27] [SUCCESS] Successfully sent Bahasa email to 1 recipient(s) using MailKit
[2026-02-04 15:17:27] [SUCCESS] All emails sent successfully using MailKit (2 total recipients)
[2026-02-04 15:17:27] [SUCCESS] Completion emails sent successfully.
[2026-02-04 15:17:27] [SUCCESS] Face recognition pipeline completed successfully!
[2026-02-04 15:17:27] [INFO] Initiating graceful shutdown: Schedule completed
[2026-02-04 15:17:27] [DEBUG] Sudden termination tracking saved
[2026-02-04 15:17:27] [DEBUG] Sudden termination tracking saved
[2026-02-04 15:17:28] [SUCCESS] Graceful shutdown completed successfully
[2026-02-04 15:17:28] [INFO] Process completed. Stopping monitor as configured...
[2026-02-04 15:17:28] [INFO] Cleaning up...
[2026-02-04 15:17:28] [INFO] =============== Face Recognition Monitor Stopped ===============
[2026-02-04 15:19:52] [INFO] =============== Face Recognition Monitor Started ===============
[2026-02-04 15:19:52] [INFO] Monitor Version: 2.1 (Enhanced with MailKit Verification)
[2026-02-04 15:19:52] [INFO] Performing early MailKit assembly verification...
[2026-02-04 15:19:52] [INFO] Generating MailKit status report...
[2026-02-04 15:19:52] [INFO] Starting MailKit assembly verification...
[2026-02-04 15:19:52] [INFO] MailKit is already loaded into current AppDomain
[2026-02-04 15:19:53] [DEBUG]   - MailKit Version: 4.14.0.0
[2026-02-04 15:19:53] [DEBUG]   - MimeKit Version: 4.14.0.0
[2026-02-04 15:19:53] [SUCCESS] MailKit is ready for email functionality
[2026-02-04 15:19:53] [INFO]   - Assembly: PreLoaded
[2026-02-04 15:19:53] [INFO]   - Version: 4.14.0.0
[2026-02-04 15:19:53] [INFO] Performing startup cleanup check...
[2026-02-04 15:19:53] [INFO] Loaded sudden termination tracking: 1 total events, current streak: 0
[2026-02-04 15:19:53] [INFO] No orphaned processes found on startup
[2026-02-04 15:19:53] [INFO] Testing email configuration with enhanced MailKit verification...
[2026-02-04 15:19:53] [INFO] Generating MailKit status report...
[2026-02-04 15:19:53] [INFO] Starting MailKit assembly verification...
[2026-02-04 15:19:53] [INFO] MailKit is already loaded into current AppDomain
[2026-02-04 15:19:53] [DEBUG]   - MailKit Version: 4.14.0.0
[2026-02-04 15:19:53] [DEBUG]   - MimeKit Version: 4.14.0.0
[2026-02-04 15:19:53] [INFO] Generating MailKit status report...
[2026-02-04 15:19:53] [INFO] Starting MailKit assembly verification...
[2026-02-04 15:19:53] [INFO] MailKit is already loaded into current AppDomain
[2026-02-04 15:19:53] [DEBUG]   - MailKit Version: 4.14.0.0
[2026-02-04 15:19:53] [DEBUG]   - MimeKit Version: 4.14.0.0
=== MAILKIT STATUS REPORT ===
Timestamp: 2026-02-04 15:19:53
Overall Status: READY

ASSEMBLY STATUS:
- Available: True
- Load Method: PreLoaded
- MailKit Version: 4.14.0.0
- MimeKit Version: 4.14.0.0
- Dependencies: True

CONFIGURATION STATUS:
- Email Enabled: True
- SMTP Configured: True
- Credential File: True
- Recipients: True
- SMTP Server: smtp.gmail.com
- SMTP Port: 587
- SSL: True

SYSTEM INFORMATION:
- PowerShell: 7.5.4
- CLR: Unknown
- OS: Microsoft Windows NT 10.0.26200.0
- Host: MIS02

RECOMMENDATIONS:

[2026-02-04 15:19:53] [INFO] MailKit status report written to log
[2026-02-04 15:19:53] [INFO] Verifying MailKit assembly...
[2026-02-04 15:19:53] [SUCCESS] MailKit assembly verification PASSED
[2026-02-04 15:19:53] [INFO]   - Load Method: PreLoaded
[2026-02-04 15:19:53] [INFO]   - MailKit Version: 4.14.0.0
[2026-02-04 15:19:53] [INFO]   - MimeKit Version: 4.14.0.0
[2026-02-04 15:19:53] [INFO] Verifying SMTP configuration...
[2026-02-04 15:19:53] [SUCCESS] SMTP configuration verification PASSED
[2026-02-04 15:19:53] [INFO]   - Server: smtp.gmail.com:587
[2026-02-04 15:19:53] [INFO]   - SSL: True
[2026-02-04 15:19:53] [INFO] Verifying email recipients...
[2026-02-04 15:19:53] [SUCCESS] Found 2 email recipient(s)
[2026-02-04 15:19:53] [INFO] Verifying email credentials...
[2026-02-04 15:19:53] [SUCCESS] Email credential verification PASSED
[2026-02-04 15:19:53] [INFO]   - Credential file: C:\Users\MIS2\.face-recog\email-credential.xml
[2026-02-04 15:19:53] [INFO] GMAIL CONFIGURATION NOTES:
[2026-02-04 15:19:53] [INFO] - Using SMTP: smtp.gmail.com:587
[2026-02-04 15:19:53] [INFO] - SSL Enabled: True
[2026-02-04 15:19:53] [INFO] - Ensure you're using an App Password, not your regular password
[2026-02-04 15:19:53] [INFO] - Gmail attachment limit: 25 MB total
[2026-02-04 15:19:53] [INFO] - Enable 2-Step Verification in Google Account
[2026-02-04 15:19:53] [INFO] - Generate App Password: https://myaccount.google.com/apppasswords
[2026-02-04 15:19:53] [SUCCESS] Email configuration validation COMPLETE
[2026-02-04 15:19:53] [INFO] Overall status: READY
[2026-02-04 15:19:53] [INFO] Skipping interactive test email prompt as per configuration
[2026-02-04 15:19:54] [SUCCESS] Email configuration validated successfully
[2026-02-04 15:19:54] [DEBUG] No PID tracking file found
[2026-02-04 15:19:54] [DEBUG] Check: 15:19:54 | Window: Inactive | Python: Stopped
[2026-02-04 15:19:54] [INFO] End time reached - no active processes to stop
[2026-02-04 15:19:54] [INFO] Initiating graceful shutdown: Schedule completed
[2026-02-04 15:19:54] [DEBUG] Sudden termination tracking saved
[2026-02-04 15:19:54] [DEBUG] Sudden termination tracking saved
[2026-02-04 15:19:54] [SUCCESS] Graceful shutdown completed successfully
[2026-02-04 15:19:54] [INFO] Process completed. Stopping monitor as configured...
[2026-02-04 15:19:54] [INFO] Cleaning up...
[2026-02-04 15:19:54] [INFO] =============== Face Recognition Monitor Stopped ===============
[2026-02-04 15:20:14] [INFO] =============== Face Recognition Monitor Started ===============
[2026-02-04 15:20:14] [INFO] Monitor Version: 2.1 (Enhanced with MailKit Verification)
[2026-02-04 15:20:14] [INFO] Performing early MailKit assembly verification...
[2026-02-04 15:20:14] [INFO] Generating MailKit status report...
[2026-02-04 15:20:14] [INFO] Starting MailKit assembly verification...
[2026-02-04 15:20:14] [INFO] MailKit is already loaded into current AppDomain
[2026-02-04 15:20:14] [DEBUG]   - MailKit Version: 4.14.0.0
[2026-02-04 15:20:14] [DEBUG]   - MimeKit Version: 4.14.0.0
[2026-02-04 15:20:14] [SUCCESS] MailKit is ready for email functionality
[2026-02-04 15:20:14] [INFO]   - Assembly: PreLoaded
[2026-02-04 15:20:14] [INFO]   - Version: 4.14.0.0
[2026-02-04 15:20:14] [INFO] Performing startup cleanup check...
[2026-02-04 15:20:14] [INFO] Loaded sudden termination tracking: 1 total events, current streak: 0
[2026-02-04 15:20:14] [INFO] No orphaned processes found on startup
[2026-02-04 15:20:14] [INFO] Testing email configuration with enhanced MailKit verification...
[2026-02-04 15:20:14] [INFO] Generating MailKit status report...
[2026-02-04 15:20:14] [INFO] Starting MailKit assembly verification...
[2026-02-04 15:20:14] [INFO] MailKit is already loaded into current AppDomain
[2026-02-04 15:20:14] [DEBUG]   - MailKit Version: 4.14.0.0
[2026-02-04 15:20:14] [DEBUG]   - MimeKit Version: 4.14.0.0
[2026-02-04 15:20:14] [INFO] Generating MailKit status report...
[2026-02-04 15:20:14] [INFO] Starting MailKit assembly verification...
[2026-02-04 15:20:14] [INFO] MailKit is already loaded into current AppDomain
[2026-02-04 15:20:14] [DEBUG]   - MailKit Version: 4.14.0.0
[2026-02-04 15:20:14] [DEBUG]   - MimeKit Version: 4.14.0.0
=== MAILKIT STATUS REPORT ===
Timestamp: 2026-02-04 15:20:14
Overall Status: READY

ASSEMBLY STATUS:
- Available: True
- Load Method: PreLoaded
- MailKit Version: 4.14.0.0
- MimeKit Version: 4.14.0.0
- Dependencies: True

CONFIGURATION STATUS:
- Email Enabled: True
- SMTP Configured: True
- Credential File: True
- Recipients: True
- SMTP Server: smtp.gmail.com
- SMTP Port: 587
- SSL: True

SYSTEM INFORMATION:
- PowerShell: 7.5.4
- CLR: Unknown
- OS: Microsoft Windows NT 10.0.26200.0
- Host: MIS02

RECOMMENDATIONS:

[2026-02-04 15:20:14] [INFO] MailKit status report written to log
[2026-02-04 15:20:14] [INFO] Verifying MailKit assembly...
[2026-02-04 15:20:14] [SUCCESS] MailKit assembly verification PASSED
[2026-02-04 15:20:14] [INFO]   - Load Method: PreLoaded
[2026-02-04 15:20:14] [INFO]   - MailKit Version: 4.14.0.0
[2026-02-04 15:20:14] [INFO]   - MimeKit Version: 4.14.0.0
[2026-02-04 15:20:14] [INFO] Verifying SMTP configuration...
[2026-02-04 15:20:14] [SUCCESS] SMTP configuration verification PASSED
[2026-02-04 15:20:14] [INFO]   - Server: smtp.gmail.com:587
[2026-02-04 15:20:15] [INFO]   - SSL: True
[2026-02-04 15:20:15] [INFO] Verifying email recipients...
[2026-02-04 15:20:15] [SUCCESS] Found 2 email recipient(s)
[2026-02-04 15:20:15] [INFO] Verifying email credentials...
[2026-02-04 15:20:15] [SUCCESS] Email credential verification PASSED
[2026-02-04 15:20:15] [INFO]   - Credential file: C:\Users\MIS2\.face-recog\email-credential.xml
[2026-02-04 15:20:15] [INFO] GMAIL CONFIGURATION NOTES:
[2026-02-04 15:20:15] [INFO] - Using SMTP: smtp.gmail.com:587
[2026-02-04 15:20:15] [INFO] - SSL Enabled: True
[2026-02-04 15:20:15] [INFO] - Ensure you're using an App Password, not your regular password
[2026-02-04 15:20:15] [INFO] - Gmail attachment limit: 25 MB total
[2026-02-04 15:20:15] [INFO] - Enable 2-Step Verification in Google Account
[2026-02-04 15:20:15] [INFO] - Generate App Password: https://myaccount.google.com/apppasswords
[2026-02-04 15:20:15] [SUCCESS] Email configuration validation COMPLETE
[2026-02-04 15:20:15] [INFO] Overall status: READY
[2026-02-04 15:20:15] [INFO] Skipping interactive test email prompt as per configuration
[2026-02-04 15:20:15] [SUCCESS] Email configuration validated successfully
[2026-02-04 15:20:15] [DEBUG] No PID tracking file found
[2026-02-04 15:20:15] [DEBUG] Check: 15:20:15 | Window: Active | Python: Stopped
[2026-02-04 15:20:15] [DEBUG] Check: 15:20:15 | Window: Active | Python: Stopped
[2026-02-04 15:20:15] [INFO] Time window active and no Python process running - starting worker...
[2026-02-04 15:20:15] [DEBUG] Searching for Python process...
[2026-02-04 15:20:15] [DEBUG] No Python process found matching criteria
[2026-02-04 15:20:15] [INFO] Starting face recognition worker process...
[2026-02-04 15:20:15] [SUCCESS] Worker process started (PID: 39072)
[2026-02-04 15:20:15] [INFO] Waiting for Python process to start...
[2026-02-04 15:20:15] [DEBUG] Searching for Python process...
[2026-02-04 15:20:15] [DEBUG] No Python process found matching criteria
[2026-02-04 15:20:17] [DEBUG] Searching for Python process...
[2026-02-04 15:20:18] [SUCCESS] Found Python process with our script: PID=26572
[2026-02-04 15:20:18] [SUCCESS] Python process found (PID: 26572)
[2026-02-04 15:20:18] [DEBUG] PID tracking saved: WorkerPID=39072, PythonPID=26572
[2026-02-04 15:20:18] [SUCCESS] Worker started. Monitoring Python process...
[2026-02-04 15:20:23] [DEBUG] Check: 15:20:23 | Window: Active | Python: Running (PID: 26572)
[2026-02-04 15:20:28] [DEBUG] Check: 15:20:28 | Window: Active | Python: Running (PID: 26572)
[2026-02-04 15:20:33] [DEBUG] Check: 15:20:33 | Window: Active | Python: Running (PID: 26572)
[2026-02-04 15:20:38] [DEBUG] Check: 15:20:38 | Window: Active | Python: Running (PID: 26572)
[2026-02-04 15:20:43] [DEBUG] Check: 15:20:43 | Window: Active | Python: Running (PID: 26572)
[2026-02-04 15:20:48] [DEBUG] Searching for Python process...
[2026-02-04 15:20:48] [DEBUG] No Python process found matching criteria
[2026-02-04 15:20:49] [DEBUG] Check: 15:20:49 | Window: Active | Python: Stopped
[2026-02-04 15:20:49] [DEBUG] Check: 15:20:49 | Window: Active | Python: Stopped
[2026-02-04 15:20:49] [INFO] Time window active and no Python process running - starting worker...
[2026-02-04 15:20:49] [DEBUG] Searching for Python process...
[2026-02-04 15:20:49] [DEBUG] No Python process found matching criteria
[2026-02-04 15:20:49] [INFO] Starting face recognition worker process...
[2026-02-04 15:20:49] [SUCCESS] Worker process started (PID: 29996)
[2026-02-04 15:20:49] [INFO] Waiting for Python process to start...
[2026-02-04 15:20:49] [DEBUG] Searching for Python process...
[2026-02-04 15:20:49] [DEBUG] No Python process found matching criteria
[2026-02-04 15:20:51] [DEBUG] Searching for Python process...
[2026-02-04 15:20:51] [SUCCESS] Found Python process with our script: PID=16560
[2026-02-04 15:20:51] [SUCCESS] Python process found (PID: 16560)
[2026-02-04 15:20:51] [DEBUG] PID tracking saved: WorkerPID=29996, PythonPID=16560
[2026-02-04 15:20:51] [SUCCESS] Worker started. Monitoring Python process...
[2026-02-04 15:20:56] [DEBUG] Check: 15:20:56 | Window: Active | Python: Running (PID: 16560)
[2026-02-04 15:21:01] [DEBUG] Check: 15:21:01 | Window: Active | Python: Running (PID: 16560)
[2026-02-04 15:21:06] [DEBUG] Check: 15:21:06 | Window: Active | Python: Running (PID: 16560)
[2026-02-04 15:21:11] [DEBUG] Check: 15:21:11 | Window: Active | Python: Running (PID: 16560)
[2026-02-04 15:21:16] [DEBUG] Check: 15:21:16 | Window: Active | Python: Running (PID: 16560)
[2026-02-04 15:21:21] [DEBUG] Check: 15:21:21 | Window: Active | Python: Running (PID: 16560)
[2026-02-04 15:21:26] [DEBUG] Check: 15:21:26 | Window: Active | Python: Running (PID: 16560)
[2026-02-04 15:21:31] [DEBUG] Check: 15:21:31 | Window: Active | Python: Running (PID: 16560)
[2026-02-04 15:21:36] [DEBUG] Check: 15:21:36 | Window: Active | Python: Running (PID: 16560)
[2026-02-04 15:21:42] [DEBUG] Searching for Python process...
[2026-02-04 15:21:42] [DEBUG] No Python process found matching criteria
[2026-02-04 15:21:42] [DEBUG] Check: 15:21:42 | Window: Active | Python: Stopped
[2026-02-04 15:21:42] [DEBUG] Check: 15:21:42 | Window: Active | Python: Stopped
[2026-02-04 15:21:42] [INFO] Time window active and no Python process running - starting worker...
[2026-02-04 15:21:42] [DEBUG] Searching for Python process...
[2026-02-04 15:21:42] [DEBUG] No Python process found matching criteria
[2026-02-04 15:21:42] [INFO] Starting face recognition worker process...
[2026-02-04 15:21:42] [SUCCESS] Worker process started (PID: 42220)
[2026-02-04 15:21:42] [INFO] Waiting for Python process to start...
[2026-02-04 15:21:42] [DEBUG] Searching for Python process...
[2026-02-04 15:21:42] [DEBUG] No Python process found matching criteria
[2026-02-04 15:21:44] [DEBUG] Searching for Python process...
[2026-02-04 15:21:44] [SUCCESS] Found Python process with our script: PID=14512
[2026-02-04 15:21:44] [SUCCESS] Python process found (PID: 14512)
[2026-02-04 15:21:44] [DEBUG] PID tracking saved: WorkerPID=42220, PythonPID=14512
[2026-02-04 15:21:44] [SUCCESS] Worker started. Monitoring Python process...
[2026-02-04 15:21:49] [DEBUG] Check: 15:21:49 | Window: Active | Python: Running (PID: 14512)
[2026-02-04 15:21:54] [DEBUG] Check: 15:21:54 | Window: Active | Python: Running (PID: 14512)
[2026-02-04 15:21:59] [DEBUG] Check: 15:21:59 | Window: Active | Python: Running (PID: 14512)
[2026-02-04 15:22:04] [DEBUG] Check: 15:22:04 | Window: Active | Python: Running (PID: 14512)
[2026-02-04 15:22:09] [DEBUG] Check: 15:22:09 | Window: Active | Python: Running (PID: 14512)
[2026-02-04 15:22:14] [DEBUG] Check: 15:22:14 | Window: Active | Python: Running (PID: 14512)
[2026-02-04 15:22:19] [DEBUG] Check: 15:22:19 | Window: Active | Python: Running (PID: 14512)
[2026-02-04 15:22:24] [DEBUG] Searching for Python process...
[2026-02-04 15:22:24] [DEBUG] No Python process found matching criteria
[2026-02-04 15:22:24] [DEBUG] Check: 15:22:24 | Window: Active | Python: Stopped
[2026-02-04 15:22:24] [DEBUG] Check: 15:22:24 | Window: Active | Python: Stopped
[2026-02-04 15:22:24] [INFO] Time window active and no Python process running - starting worker...
[2026-02-04 15:22:24] [DEBUG] Searching for Python process...
[2026-02-04 15:22:24] [DEBUG] No Python process found matching criteria
[2026-02-04 15:22:24] [INFO] Starting face recognition worker process...
[2026-02-04 15:22:24] [SUCCESS] Worker process started (PID: 7408)
[2026-02-04 15:22:24] [INFO] Waiting for Python process to start...
[2026-02-04 15:22:24] [DEBUG] Searching for Python process...
[2026-02-04 15:22:24] [DEBUG] No Python process found matching criteria
[2026-02-04 15:22:26] [DEBUG] Searching for Python process...
[2026-02-04 15:22:27] [SUCCESS] Found Python process with our script: PID=22968
[2026-02-04 15:22:27] [SUCCESS] Python process found (PID: 22968)
[2026-02-04 15:22:27] [DEBUG] PID tracking saved: WorkerPID=7408, PythonPID=22968
[2026-02-04 15:22:27] [SUCCESS] Worker started. Monitoring Python process...
[2026-02-04 15:22:32] [DEBUG] Check: 15:22:32 | Window: Active | Python: Running (PID: 22968)
[2026-02-04 15:22:37] [DEBUG] Check: 15:22:37 | Window: Active | Python: Running (PID: 22968)
[2026-02-04 15:22:42] [DEBUG] Check: 15:22:42 | Window: Active | Python: Running (PID: 22968)
[2026-02-04 15:22:47] [DEBUG] Check: 15:22:47 | Window: Active | Python: Running (PID: 22968)
[2026-02-04 15:22:52] [DEBUG] Check: 15:22:52 | Window: Active | Python: Running (PID: 22968)
[2026-02-04 15:22:57] [DEBUG] Check: 15:22:57 | Window: Active | Python: Running (PID: 22968)
[2026-02-04 15:23:02] [DEBUG] Check: 15:23:02 | Window: Active | Python: Running (PID: 22968)
[2026-02-04 15:23:07] [DEBUG] Check: 15:23:07 | Window: Active | Python: Running (PID: 22968)
[2026-02-04 15:23:12] [DEBUG] Check: 15:23:12 | Window: Active | Python: Running (PID: 22968)
[2026-02-04 15:23:17] [DEBUG] Check: 15:23:17 | Window: Active | Python: Running (PID: 22968)
[2026-02-04 15:23:22] [DEBUG] Check: 15:23:22 | Window: Active | Python: Running (PID: 22968)
[2026-02-04 15:23:27] [DEBUG] Check: 15:23:27 | Window: Active | Python: Running (PID: 22968)
[2026-02-04 15:23:32] [DEBUG] Check: 15:23:32 | Window: Active | Python: Running (PID: 22968)
[2026-02-04 15:23:37] [DEBUG] Check: 15:23:37 | Window: Active | Python: Running (PID: 22968)
[2026-02-04 15:23:42] [DEBUG] Searching for Python process...
[2026-02-04 15:23:42] [DEBUG] No Python process found matching criteria
[2026-02-04 15:23:42] [DEBUG] Check: 15:23:42 | Window: Active | Python: Stopped
[2026-02-04 15:23:42] [DEBUG] Check: 15:23:42 | Window: Active | Python: Stopped
[2026-02-04 15:23:42] [INFO] Time window active and no Python process running - starting worker...
[2026-02-04 15:23:42] [DEBUG] Searching for Python process...
[2026-02-04 15:23:42] [DEBUG] No Python process found matching criteria
[2026-02-04 15:23:42] [INFO] Starting face recognition worker process...
[2026-02-04 15:23:42] [SUCCESS] Worker process started (PID: 11852)
[2026-02-04 15:23:42] [INFO] Waiting for Python process to start...
[2026-02-04 15:23:42] [DEBUG] Searching for Python process...
[2026-02-04 15:23:42] [DEBUG] No Python process found matching criteria
[2026-02-04 15:23:44] [DEBUG] Searching for Python process...
[2026-02-04 15:23:45] [SUCCESS] Found Python process with our script: PID=31956
[2026-02-04 15:23:45] [SUCCESS] Python process found (PID: 31956)
[2026-02-04 15:23:45] [DEBUG] PID tracking saved: WorkerPID=11852, PythonPID=31956
[2026-02-04 15:23:45] [SUCCESS] Worker started. Monitoring Python process...
[2026-02-04 15:23:50] [DEBUG] Check: 15:23:50 | Window: Active | Python: Running (PID: 31956)
[2026-02-04 15:23:55] [DEBUG] Check: 15:23:55 | Window: Active | Python: Running (PID: 31956)
[2026-02-04 15:24:00] [INFO] Generating MailKit status report...
[2026-02-04 15:24:00] [INFO] Starting MailKit assembly verification...
[2026-02-04 15:24:00] [INFO] MailKit is already loaded into current AppDomain
[2026-02-04 15:24:00] [DEBUG]   - MailKit Version: 4.14.0.0
[2026-02-04 15:24:00] [DEBUG]   - MimeKit Version: 4.14.0.0
[2026-02-04 15:24:00] [DEBUG] Check: 15:24:00 | Window: Active | Python: Running (PID: 31956)
[2026-02-04 15:24:05] [DEBUG] Check: 15:24:05 | Window: Active | Python: Running (PID: 31956)
[2026-02-04 15:24:10] [DEBUG] Check: 15:24:10 | Window: Active | Python: Running (PID: 31956)
[2026-02-04 15:24:15] [DEBUG] Check: 15:24:15 | Window: Active | Python: Running (PID: 31956)
[2026-02-04 15:24:20] [INFO] Generating MailKit status report...
[2026-02-04 15:24:20] [INFO] Starting MailKit assembly verification...
[2026-02-04 15:24:20] [INFO] MailKit is already loaded into current AppDomain
[2026-02-04 15:24:20] [DEBUG]   - MailKit Version: 4.14.0.0
[2026-02-04 15:24:20] [DEBUG]   - MimeKit Version: 4.14.0.0
[2026-02-04 15:24:20] [DEBUG] Check: 15:24:20 | Window: Active | Python: Running (PID: 31956)
[2026-02-04 15:24:25] [DEBUG] Check: 15:24:25 | Window: Active | Python: Running (PID: 31956)
[2026-02-04 15:24:30] [DEBUG] Check: 15:24:30 | Window: Active | Python: Running (PID: 31956)
[2026-02-04 15:24:35] [DEBUG] Check: 15:24:35 | Window: Active | Python: Running (PID: 31956)
[2026-02-04 15:24:40] [INFO] Generating MailKit status report...
[2026-02-04 15:24:40] [INFO] Starting MailKit assembly verification...
[2026-02-04 15:24:40] [INFO] MailKit is already loaded into current AppDomain
[2026-02-04 15:24:40] [DEBUG]   - MailKit Version: 4.14.0.0
[2026-02-04 15:24:40] [DEBUG]   - MimeKit Version: 4.14.0.0
[2026-02-04 15:24:41] [DEBUG] Check: 15:24:40 | Window: Active | Python: Running (PID: 31956)
[2026-02-04 15:24:46] [DEBUG] Check: 15:24:46 | Window: Active | Python: Running (PID: 31956)
[2026-02-04 15:24:51] [DEBUG] Check: 15:24:51 | Window: Active | Python: Running (PID: 31956)
[2026-02-04 15:24:56] [DEBUG] Check: 15:24:56 | Window: Active | Python: Running (PID: 31956)
[2026-02-04 15:25:01] [DEBUG] Check: 15:25:01 | Window: Inactive | Python: Running (PID: 31956)
[2026-02-04 15:25:01] [INFO] End time reached - stopping processes...
[2026-02-04 15:25:01] [INFO] Stopping Python process (PID: 31956)...
[2026-02-04 15:25:03] [WARN] Forcefully terminating Python process...
[2026-02-04 15:25:03] [SUCCESS] Python process terminated
[2026-02-04 15:25:03] [INFO] Stopping worker process (PID: 11852)...
[2026-02-04 15:25:05] [SUCCESS] Worker process exited gracefully
[2026-02-04 15:25:05] [DEBUG] Removed PID tracking file
[2026-02-04 15:25:05] [INFO] Stopped processes: Python, Worker
[2026-02-04 15:25:05] [INFO] Waiting for output generation...
[2026-02-04 15:25:15] [INFO] Validating worker output...
[2026-02-04 15:25:15] [INFO] Validating face recognition output structure...
[2026-02-04 15:25:15] [INFO] Validating folder structure for: Magick_Process_MaskDetect_2026-02-03_16-58-54
[2026-02-04 15:25:15] [DEBUG] Found subfolder: logs
[2026-02-04 15:25:15] [DEBUG] Found subfolder: script_output
[2026-02-04 15:25:15] [DEBUG] Metadata file is valid JSON
[2026-02-04 15:25:15] [DEBUG] Metadata file size: 1.33 KB
[2026-02-04 15:25:15] [DEBUG] Found 3 log files
[2026-02-04 15:25:15] [DEBUG] completion_summary.txt size: 4.4 KB
[2026-02-04 15:25:15] [DEBUG] python_output.txt size: 115.31 KB
[2026-02-04 15:25:15] [DEBUG] Latest run log: run_2026-02-03_16-58-54.log (2.64 KB)
[2026-02-04 15:25:15] [DEBUG] Script output contains 1 items
[2026-02-04 15:25:15] [DEBUG] Total folder size: 0.12 MB
[2026-02-04 15:25:15] [DEBUG] Total attachment size: 0.01 MB
[2026-02-04 15:25:15] [SUCCESS] VALIDATION SUCCESS: Folder structure complete
[2026-02-04 15:25:15] [SUCCESS]   - Path: D:\RaihanFarid\Dokumen\faceRecog\ProjectKnowledgeBase\active\logs-running\magick\Magick_Process_MaskDetect_2026-02-03_16-58-54
[2026-02-04 15:25:15] [SUCCESS]   - Created: 02/03/2026 16:58:54
[2026-02-04 15:25:15] [SUCCESS]   - Size: 0.12 MB
[2026-02-04 15:25:15] [SUCCESS]   - Attachments: 0.01 MB
[2026-02-04 15:25:15] [DEBUG] Configuration backed up to: D:\RaihanFarid\Dokumen\faceRecog\ProjectKnowledgeBase\active\logs-running\magick\config_backup_20260204_152515.json
[2026-02-04 15:25:15] [INFO] Preparing to send completion notifications to 2 recipient(s) using MailKit...
[2026-02-04 15:25:15] [DEBUG] Email credential loaded from C:\Users\MIS2\.face-recog\email-credential.xml
[2026-02-04 15:25:16] [DEBUG] Found latest run log: run_2026-02-03_16-58-54.log
[2026-02-04 15:25:16] [DEBUG] Found metadata.json
[2026-02-04 15:25:16] [INFO] Using MailKit v4.14.0.0 for email sending
[2026-02-04 15:25:16] [INFO] Sending emails in 2 different language(s) using MailKit
[2026-02-04 15:25:16] [INFO] Sending Bahasa email to: ikeepmypromiz@gmail.com
[2026-02-04 15:25:16] [DEBUG] Using MailKit 4.0+ API for message construction
[2026-02-04 15:25:16] [DEBUG] Added attachment using BodyBuilder: D:\RaihanFarid\Dokumen\faceRecog\ProjectKnowledgeBase\active\logs-running\magick\Magick_Process_MaskDetect_2026-02-03_16-58-54\logs\run_2026-02-03_16-58-54.log
[2026-02-04 15:25:16] [DEBUG] Added attachment using BodyBuilder: D:\RaihanFarid\Dokumen\faceRecog\ProjectKnowledgeBase\active\logs-running\magick\Magick_Process_MaskDetect_2026-02-03_16-58-54\metadata.json
[2026-02-04 15:25:16] [DEBUG] Connecting to SMTP server smtp.gmail.com:587 (SSL: True)...
[2026-02-04 15:25:17] [DEBUG] Authenticating as faridraihan17@gmail.com...
[2026-02-04 15:25:17] [DEBUG] Sending email...
[2026-02-04 15:25:19] [SUCCESS] Email sent successfully using MailKit
[2026-02-04 15:25:19] [SUCCESS] Successfully sent Bahasa email to 1 recipient(s) using MailKit
[2026-02-04 15:25:19] [INFO] Sending English email to: faridraihan17@gmail.com
[2026-02-04 15:25:19] [DEBUG] Using MailKit 4.0+ API for message construction
[2026-02-04 15:25:19] [DEBUG] Added attachment using BodyBuilder: D:\RaihanFarid\Dokumen\faceRecog\ProjectKnowledgeBase\active\logs-running\magick\Magick_Process_MaskDetect_2026-02-03_16-58-54\logs\run_2026-02-03_16-58-54.log
[2026-02-04 15:25:19] [DEBUG] Added attachment using BodyBuilder: D:\RaihanFarid\Dokumen\faceRecog\ProjectKnowledgeBase\active\logs-running\magick\Magick_Process_MaskDetect_2026-02-03_16-58-54\metadata.json
[2026-02-04 15:25:19] [DEBUG] Connecting to SMTP server smtp.gmail.com:587 (SSL: True)...
[2026-02-04 15:25:21] [DEBUG] Authenticating as faridraihan17@gmail.com...
[2026-02-04 15:25:21] [DEBUG] Sending email...
[2026-02-04 15:25:23] [SUCCESS] Email sent successfully using MailKit
[2026-02-04 15:25:23] [SUCCESS] Successfully sent English email to 1 recipient(s) using MailKit
[2026-02-04 15:25:23] [SUCCESS] All emails sent successfully using MailKit (2 total recipients)
[2026-02-04 15:25:23] [SUCCESS] Completion emails sent successfully.
[2026-02-04 15:25:23] [SUCCESS] Face recognition pipeline completed successfully!
[2026-02-04 15:25:23] [INFO] Initiating graceful shutdown: Schedule completed
[2026-02-04 15:25:23] [DEBUG] Sudden termination tracking saved
[2026-02-04 15:25:23] [DEBUG] Sudden termination tracking saved
[2026-02-04 15:25:23] [SUCCESS] Graceful shutdown completed successfully
[2026-02-04 15:25:23] [INFO] Process completed. Stopping monitor as configured...
[2026-02-04 15:25:23] [INFO] Cleaning up...
[2026-02-04 15:25:23] [INFO] =============== Face Recognition Monitor Stopped ===============
[2026-02-04 16:29:19] [INFO] =============== Face Recognition Monitor Started ===============
[2026-02-04 16:29:19] [INFO] Monitor Version: 2.1 (Enhanced with MailKit Verification)
[2026-02-04 16:29:19] [INFO] Performing early MailKit assembly verification...
[2026-02-04 16:29:19] [INFO] Generating MailKit status report...
[2026-02-04 16:29:19] [INFO] Starting MailKit assembly verification...
[2026-02-04 16:29:19] [INFO] MailKit is already loaded into current AppDomain
[2026-02-04 16:29:19] [DEBUG]   - MailKit Version: 4.14.0.0
[2026-02-04 16:29:19] [DEBUG]   - MimeKit Version: 4.14.0.0
[2026-02-04 16:29:19] [SUCCESS] MailKit is ready for email functionality
[2026-02-04 16:29:19] [INFO]   - Assembly: PreLoaded
[2026-02-04 16:29:19] [INFO]   - Version: 4.14.0.0
[2026-02-04 16:29:19] [INFO] Performing startup cleanup check...
[2026-02-04 16:29:19] [INFO] Loaded sudden termination tracking: 1 total events, current streak: 0
[2026-02-04 16:29:19] [INFO] No orphaned processes found on startup
[2026-02-04 16:29:19] [INFO] Testing email configuration with enhanced MailKit verification...
[2026-02-04 16:29:19] [INFO] Generating MailKit status report...
[2026-02-04 16:29:19] [INFO] Starting MailKit assembly verification...
[2026-02-04 16:29:19] [INFO] MailKit is already loaded into current AppDomain
[2026-02-04 16:29:19] [DEBUG]   - MailKit Version: 4.14.0.0
[2026-02-04 16:29:19] [DEBUG]   - MimeKit Version: 4.14.0.0
[2026-02-04 16:29:19] [INFO] Generating MailKit status report...
[2026-02-04 16:29:19] [INFO] Starting MailKit assembly verification...
[2026-02-04 16:29:19] [INFO] MailKit is already loaded into current AppDomain
[2026-02-04 16:29:19] [DEBUG]   - MailKit Version: 4.14.0.0
[2026-02-04 16:29:19] [DEBUG]   - MimeKit Version: 4.14.0.0
=== MAILKIT STATUS REPORT ===
Timestamp: 2026-02-04 16:29:19
Overall Status: READY

ASSEMBLY STATUS:
- Available: True
- Load Method: PreLoaded
- MailKit Version: 4.14.0.0
- MimeKit Version: 4.14.0.0
- Dependencies: True

CONFIGURATION STATUS:
- Email Enabled: True
- SMTP Configured: True
- Credential File: True
- Recipients: True
- SMTP Server: smtp.gmail.com
- SMTP Port: 587
- SSL: True

SYSTEM INFORMATION:
- PowerShell: 7.5.4
- CLR: Unknown
- OS: Microsoft Windows NT 10.0.26200.0
- Host: MIS02

RECOMMENDATIONS:

[2026-02-04 16:29:19] [INFO] MailKit status report written to log
[2026-02-04 16:29:19] [INFO] Verifying MailKit assembly...
[2026-02-04 16:29:19] [SUCCESS] MailKit assembly verification PASSED
[2026-02-04 16:29:19] [INFO]   - Load Method: PreLoaded
[2026-02-04 16:29:19] [INFO]   - MailKit Version: 4.14.0.0
[2026-02-04 16:29:19] [INFO]   - MimeKit Version: 4.14.0.0
[2026-02-04 16:29:19] [INFO] Verifying SMTP configuration...
[2026-02-04 16:29:19] [SUCCESS] SMTP configuration verification PASSED
[2026-02-04 16:29:19] [INFO]   - Server: smtp.gmail.com:587
[2026-02-04 16:29:19] [INFO]   - SSL: True
[2026-02-04 16:29:19] [INFO] Verifying email recipients...
[2026-02-04 16:29:19] [SUCCESS] Found 2 email recipient(s)
[2026-02-04 16:29:20] [INFO] Verifying email credentials...
[2026-02-04 16:29:20] [SUCCESS] Email credential verification PASSED
[2026-02-04 16:29:20] [INFO]   - Credential file: C:\Users\MIS2\.face-recog\email-credential.xml
[2026-02-04 16:29:20] [INFO] GMAIL CONFIGURATION NOTES:
[2026-02-04 16:29:20] [INFO] - Using SMTP: smtp.gmail.com:587
[2026-02-04 16:29:20] [INFO] - SSL Enabled: True
[2026-02-04 16:29:20] [INFO] - Ensure you're using an App Password, not your regular password
[2026-02-04 16:29:20] [INFO] - Gmail attachment limit: 25 MB total
[2026-02-04 16:29:20] [INFO] - Enable 2-Step Verification in Google Account
[2026-02-04 16:29:20] [INFO] - Generate App Password: https://myaccount.google.com/apppasswords
[2026-02-04 16:29:20] [SUCCESS] Email configuration validation COMPLETE
[2026-02-04 16:29:20] [INFO] Overall status: READY
[2026-02-04 16:29:20] [INFO] Skipping interactive test email prompt as per configuration
[2026-02-04 16:29:20] [SUCCESS] Email configuration validated successfully
[2026-02-04 16:29:20] [DEBUG] No PID tracking file found
[2026-02-04 16:29:20] [INFO] Generating MailKit status report...
[2026-02-04 16:29:20] [INFO] Starting MailKit assembly verification...
[2026-02-04 16:29:20] [INFO] MailKit is already loaded into current AppDomain
[2026-02-04 16:29:20] [DEBUG]   - MailKit Version: 4.14.0.0
[2026-02-04 16:29:20] [DEBUG]   - MimeKit Version: 4.14.0.0
[2026-02-04 16:29:20] [DEBUG] Check: 16:29:20 | Window: Inactive | Python: Stopped
[2026-02-04 16:29:20] [INFO] End time reached - no active processes to stop
[2026-02-04 16:29:20] [INFO] Initiating graceful shutdown: Schedule completed
[2026-02-04 16:29:20] [DEBUG] Sudden termination tracking saved
[2026-02-04 16:29:20] [DEBUG] Sudden termination tracking saved
[2026-02-04 16:29:20] [SUCCESS] Graceful shutdown completed successfully
[2026-02-04 16:29:20] [INFO] Process completed. Stopping monitor as configured...
[2026-02-04 16:29:20] [INFO] Cleaning up...
[2026-02-04 16:29:20] [INFO] =============== Face Recognition Monitor Stopped ===============
[2026-02-04 16:29:40] [INFO] =============== Face Recognition Monitor Started ===============
[2026-02-04 16:29:40] [INFO] Monitor Version: 2.1 (Enhanced with MailKit Verification)
[2026-02-04 16:29:40] [INFO] Performing early MailKit assembly verification...
[2026-02-04 16:29:40] [INFO] Generating MailKit status report...
[2026-02-04 16:29:40] [INFO] Starting MailKit assembly verification...
[2026-02-04 16:29:41] [INFO] MailKit is already loaded into current AppDomain
[2026-02-04 16:29:41] [DEBUG]   - MailKit Version: 4.14.0.0
[2026-02-04 16:29:41] [DEBUG]   - MimeKit Version: 4.14.0.0
[2026-02-04 16:29:41] [SUCCESS] MailKit is ready for email functionality
[2026-02-04 16:29:41] [INFO]   - Assembly: PreLoaded
[2026-02-04 16:29:41] [INFO]   - Version: 4.14.0.0
[2026-02-04 16:29:41] [INFO] Performing startup cleanup check...
[2026-02-04 16:29:41] [INFO] Loaded sudden termination tracking: 1 total events, current streak: 0
[2026-02-04 16:29:41] [INFO] No orphaned processes found on startup
[2026-02-04 16:29:41] [INFO] Testing email configuration with enhanced MailKit verification...
[2026-02-04 16:29:41] [INFO] Generating MailKit status report...
[2026-02-04 16:29:41] [INFO] Starting MailKit assembly verification...
[2026-02-04 16:29:41] [INFO] MailKit is already loaded into current AppDomain
[2026-02-04 16:29:41] [DEBUG]   - MailKit Version: 4.14.0.0
[2026-02-04 16:29:41] [DEBUG]   - MimeKit Version: 4.14.0.0
[2026-02-04 16:29:41] [INFO] Generating MailKit status report...
[2026-02-04 16:29:41] [INFO] Starting MailKit assembly verification...
[2026-02-04 16:29:41] [INFO] MailKit is already loaded into current AppDomain
[2026-02-04 16:29:41] [DEBUG]   - MailKit Version: 4.14.0.0
[2026-02-04 16:29:41] [DEBUG]   - MimeKit Version: 4.14.0.0
=== MAILKIT STATUS REPORT ===
Timestamp: 2026-02-04 16:29:41
Overall Status: READY

ASSEMBLY STATUS:
- Available: True
- Load Method: PreLoaded
- MailKit Version: 4.14.0.0
- MimeKit Version: 4.14.0.0
- Dependencies: True

CONFIGURATION STATUS:
- Email Enabled: True
- SMTP Configured: True
- Credential File: True
- Recipients: True
- SMTP Server: smtp.gmail.com
- SMTP Port: 587
- SSL: True

SYSTEM INFORMATION:
- PowerShell: 7.5.4
- CLR: Unknown
- OS: Microsoft Windows NT 10.0.26200.0
- Host: MIS02

RECOMMENDATIONS:

[2026-02-04 16:29:41] [INFO] MailKit status report written to log
[2026-02-04 16:29:41] [INFO] Verifying MailKit assembly...
[2026-02-04 16:29:41] [SUCCESS] MailKit assembly verification PASSED
[2026-02-04 16:29:41] [INFO]   - Load Method: PreLoaded
[2026-02-04 16:29:41] [INFO]   - MailKit Version: 4.14.0.0
[2026-02-04 16:29:41] [INFO]   - MimeKit Version: 4.14.0.0
[2026-02-04 16:29:41] [INFO] Verifying SMTP configuration...
[2026-02-04 16:29:41] [SUCCESS] SMTP configuration verification PASSED
[2026-02-04 16:29:41] [INFO]   - Server: smtp.gmail.com:587
[2026-02-04 16:29:41] [INFO]   - SSL: True
[2026-02-04 16:29:41] [INFO] Verifying email recipients...
[2026-02-04 16:29:41] [SUCCESS] Found 2 email recipient(s)
[2026-02-04 16:29:41] [INFO] Verifying email credentials...
[2026-02-04 16:29:41] [SUCCESS] Email credential verification PASSED
[2026-02-04 16:29:41] [INFO]   - Credential file: C:\Users\MIS2\.face-recog\email-credential.xml
[2026-02-04 16:29:41] [INFO] GMAIL CONFIGURATION NOTES:
[2026-02-04 16:29:41] [INFO] - Using SMTP: smtp.gmail.com:587
[2026-02-04 16:29:41] [INFO] - SSL Enabled: True
[2026-02-04 16:29:41] [INFO] - Ensure you're using an App Password, not your regular password
[2026-02-04 16:29:41] [INFO] - Gmail attachment limit: 25 MB total
[2026-02-04 16:29:42] [INFO] - Enable 2-Step Verification in Google Account
[2026-02-04 16:29:42] [INFO] - Generate App Password: https://myaccount.google.com/apppasswords
[2026-02-04 16:29:42] [SUCCESS] Email configuration validation COMPLETE
[2026-02-04 16:29:42] [INFO] Overall status: READY
[2026-02-04 16:29:42] [INFO] Skipping interactive test email prompt as per configuration
[2026-02-04 16:29:42] [SUCCESS] Email configuration validated successfully
[2026-02-04 16:29:42] [DEBUG] No PID tracking file found
[2026-02-04 16:29:42] [DEBUG] Check: 16:29:42 | Window: Inactive | Python: Stopped
[2026-02-04 16:29:42] [INFO] End time reached - no active processes to stop
[2026-02-04 16:29:42] [INFO] Initiating graceful shutdown: Schedule completed
[2026-02-04 16:29:42] [DEBUG] Sudden termination tracking saved
[2026-02-04 16:29:42] [DEBUG] Sudden termination tracking saved
[2026-02-04 16:29:42] [SUCCESS] Graceful shutdown completed successfully
[2026-02-04 16:29:42] [INFO] Process completed. Stopping monitor as configured...
[2026-02-04 16:29:42] [INFO] Cleaning up...
[2026-02-04 16:29:42] [INFO] =============== Face Recognition Monitor Stopped ===============
[2026-02-04 16:29:52] [INFO] =============== Face Recognition Monitor Started ===============
[2026-02-04 16:29:52] [INFO] Monitor Version: 2.1 (Enhanced with MailKit Verification)
[2026-02-04 16:29:52] [INFO] Performing early MailKit assembly verification...
[2026-02-04 16:29:52] [INFO] Generating MailKit status report...
[2026-02-04 16:29:52] [INFO] Starting MailKit assembly verification...
[2026-02-04 16:29:52] [INFO] MailKit is already loaded into current AppDomain
[2026-02-04 16:29:52] [DEBUG]   - MailKit Version: 4.14.0.0
[2026-02-04 16:29:52] [DEBUG]   - MimeKit Version: 4.14.0.0
[2026-02-04 16:29:52] [SUCCESS] MailKit is ready for email functionality
[2026-02-04 16:29:52] [INFO]   - Assembly: PreLoaded
[2026-02-04 16:29:52] [INFO]   - Version: 4.14.0.0
[2026-02-04 16:29:52] [INFO] Performing startup cleanup check...
[2026-02-04 16:29:52] [INFO] Loaded sudden termination tracking: 1 total events, current streak: 0
[2026-02-04 16:29:52] [INFO] No orphaned processes found on startup
[2026-02-04 16:29:52] [INFO] Testing email configuration with enhanced MailKit verification...
[2026-02-04 16:29:52] [INFO] Generating MailKit status report...
[2026-02-04 16:29:52] [INFO] Starting MailKit assembly verification...
[2026-02-04 16:29:52] [INFO] MailKit is already loaded into current AppDomain
[2026-02-04 16:29:52] [DEBUG]   - MailKit Version: 4.14.0.0
[2026-02-04 16:29:53] [DEBUG]   - MimeKit Version: 4.14.0.0
[2026-02-04 16:29:53] [INFO] Generating MailKit status report...
[2026-02-04 16:29:53] [INFO] Starting MailKit assembly verification...
[2026-02-04 16:29:53] [INFO] MailKit is already loaded into current AppDomain
[2026-02-04 16:29:53] [DEBUG]   - MailKit Version: 4.14.0.0
[2026-02-04 16:29:53] [DEBUG]   - MimeKit Version: 4.14.0.0
=== MAILKIT STATUS REPORT ===
Timestamp: 2026-02-04 16:29:53
Overall Status: READY

ASSEMBLY STATUS:
- Available: True
- Load Method: PreLoaded
- MailKit Version: 4.14.0.0
- MimeKit Version: 4.14.0.0
- Dependencies: True

CONFIGURATION STATUS:
- Email Enabled: True
- SMTP Configured: True
- Credential File: True
- Recipients: True
- SMTP Server: smtp.gmail.com
- SMTP Port: 587
- SSL: True

SYSTEM INFORMATION:
- PowerShell: 7.5.4
- CLR: Unknown
- OS: Microsoft Windows NT 10.0.26200.0
- Host: MIS02

RECOMMENDATIONS:

[2026-02-04 16:29:53] [INFO] MailKit status report written to log
[2026-02-04 16:29:53] [INFO] Verifying MailKit assembly...
[2026-02-04 16:29:53] [SUCCESS] MailKit assembly verification PASSED
[2026-02-04 16:29:53] [INFO]   - Load Method: PreLoaded
[2026-02-04 16:29:53] [INFO]   - MailKit Version: 4.14.0.0
[2026-02-04 16:29:53] [INFO]   - MimeKit Version: 4.14.0.0
[2026-02-04 16:29:53] [INFO] Verifying SMTP configuration...
[2026-02-04 16:29:53] [SUCCESS] SMTP configuration verification PASSED
[2026-02-04 16:29:53] [INFO]   - Server: smtp.gmail.com:587
[2026-02-04 16:29:53] [INFO]   - SSL: True
[2026-02-04 16:29:53] [INFO] Verifying email recipients...
[2026-02-04 16:29:53] [SUCCESS] Found 2 email recipient(s)
[2026-02-04 16:29:53] [INFO] Verifying email credentials...
[2026-02-04 16:29:53] [SUCCESS] Email credential verification PASSED
[2026-02-04 16:29:53] [INFO]   - Credential file: C:\Users\MIS2\.face-recog\email-credential.xml
[2026-02-04 16:29:53] [INFO] GMAIL CONFIGURATION NOTES:
[2026-02-04 16:29:53] [INFO] - Using SMTP: smtp.gmail.com:587
[2026-02-04 16:29:53] [INFO] - SSL Enabled: True
[2026-02-04 16:29:53] [INFO] - Ensure you're using an App Password, not your regular password
[2026-02-04 16:29:53] [INFO] - Gmail attachment limit: 25 MB total
[2026-02-04 16:29:53] [INFO] - Enable 2-Step Verification in Google Account
[2026-02-04 16:29:53] [INFO] - Generate App Password: https://myaccount.google.com/apppasswords
[2026-02-04 16:29:53] [SUCCESS] Email configuration validation COMPLETE
[2026-02-04 16:29:53] [INFO] Overall status: READY
[2026-02-04 16:29:53] [INFO] Skipping interactive test email prompt as per configuration
[2026-02-04 16:29:53] [SUCCESS] Email configuration validated successfully
[2026-02-04 16:29:53] [DEBUG] No PID tracking file found
[2026-02-04 16:29:53] [INFO] Checking for orphaned runs...
[2026-02-04 16:29:53] [INFO] Checking for orphaned runs...
[2026-02-04 16:29:53] [DEBUG] Check: 16:29:53 | Window: Active | Python: Stopped
[2026-02-04 16:29:53] [DEBUG] Check: 16:29:53 | Window: Active | Python: Stopped
[2026-02-04 16:29:53] [INFO] Time window active and no Python process running - starting worker...
[2026-02-04 16:29:53] [DEBUG] Searching for Python process...
[2026-02-04 16:29:54] [DEBUG] No Python process found matching criteria
[2026-02-04 16:29:54] [INFO] Starting face recognition worker process...
[2026-02-04 16:29:54] [SUCCESS] Worker process started (PID: 24608)
[2026-02-04 16:29:54] [INFO] Waiting for Python process to start...
[2026-02-04 16:29:54] [DEBUG] Searching for Python process...
[2026-02-04 16:29:54] [DEBUG] No Python process found matching criteria
[2026-02-04 16:29:56] [DEBUG] Searching for Python process...
[2026-02-04 16:29:57] [SUCCESS] Found Python process with our script: PID=38916
[2026-02-04 16:29:57] [SUCCESS] Python process found (PID: 38916)
[2026-02-04 16:29:57] [DEBUG] Enhanced PID tracking saved with 0 collected folders
[2026-02-04 16:29:57] [DEBUG] Persistent tracking saved to: D:\RaihanFarid\Dokumen\faceRecog\ProjectKnowledgeBase\active\logs-running\magick\persistent_tracking.json
[2026-02-04 16:29:57] [SUCCESS] Worker started. Monitoring Python process...
[2026-02-04 16:30:02] [DEBUG] Check: 16:30:02 | Window: Active | Python: Running (PID: 38916)
[2026-02-04 16:30:07] [DEBUG] Check: 16:30:07 | Window: Active | Python: Running (PID: 38916)
[2026-02-04 16:30:12] [DEBUG] Check: 16:30:12 | Window: Active | Python: Running (PID: 38916)
[2026-02-04 16:30:17] [DEBUG] Check: 16:30:17 | Window: Active | Python: Running (PID: 38916)
[2026-02-04 16:30:22] [DEBUG] Check: 16:30:22 | Window: Active | Python: Running (PID: 38916)
[2026-02-04 16:30:27] [DEBUG] Check: 16:30:27 | Window: Active | Python: Running (PID: 38916)
[2026-02-04 16:30:32] [DEBUG] Searching for Python process...
[2026-02-04 16:30:32] [DEBUG] No Python process found matching criteria
[2026-02-04 16:30:32] [WARN] Detected unexpected process stop. Worker: True -> False, Python: True -> False
[2026-02-04 16:30:32] [DEBUG] Check: 16:30:32 | Window: Active | Python: Stopped
[2026-02-04 16:30:32] [DEBUG] Check: 16:30:32 | Window: Active | Python: Stopped
[2026-02-04 16:30:32] [INFO] Time window active and no Python process running - starting worker...
[2026-02-04 16:30:32] [DEBUG] Searching for Python process...
[2026-02-04 16:30:32] [DEBUG] No Python process found matching criteria
[2026-02-04 16:30:32] [INFO] Starting face recognition worker process...
[2026-02-04 16:30:32] [SUCCESS] Worker process started (PID: 29352)
[2026-02-04 16:30:33] [INFO] Waiting for Python process to start...
[2026-02-04 16:30:33] [DEBUG] Searching for Python process...
[2026-02-04 16:30:33] [DEBUG] No Python process found matching criteria
[2026-02-04 16:30:35] [DEBUG] Searching for Python process...
[2026-02-04 16:30:35] [SUCCESS] Found Python process with our script: PID=9120
[2026-02-04 16:30:35] [SUCCESS] Python process found (PID: 9120)
[2026-02-04 16:30:35] [DEBUG] Enhanced PID tracking saved with 0 collected folders
[2026-02-04 16:30:35] [DEBUG] Persistent tracking saved to: D:\RaihanFarid\Dokumen\faceRecog\ProjectKnowledgeBase\active\logs-running\magick\persistent_tracking.json
[2026-02-04 16:30:35] [SUCCESS] Worker started. Monitoring Python process...
[2026-02-04 16:30:40] [INFO] Generating MailKit status report...
[2026-02-04 16:30:40] [INFO] Starting MailKit assembly verification...
[2026-02-04 16:30:40] [INFO] MailKit is already loaded into current AppDomain
[2026-02-04 16:30:40] [DEBUG]   - MailKit Version: 4.14.0.0
[2026-02-04 16:30:40] [DEBUG]   - MimeKit Version: 4.14.0.0
[2026-02-04 16:30:40] [DEBUG] Check: 16:30:40 | Window: Active | Python: Running (PID: 9120)
[2026-02-04 16:30:45] [DEBUG] Check: 16:30:45 | Window: Active | Python: Running (PID: 9120)
[2026-02-04 16:30:50] [DEBUG] Check: 16:30:50 | Window: Active | Python: Running (PID: 9120)
[2026-02-04 16:30:55] [DEBUG] Check: 16:30:55 | Window: Active | Python: Running (PID: 9120)
[2026-02-04 16:31:00] [INFO] Generating MailKit status report...
[2026-02-04 16:31:00] [INFO] Starting MailKit assembly verification...
[2026-02-04 16:31:00] [INFO] MailKit is already loaded into current AppDomain
[2026-02-04 16:31:00] [DEBUG]   - MailKit Version: 4.14.0.0
[2026-02-04 16:31:00] [DEBUG]   - MimeKit Version: 4.14.0.0
[2026-02-04 16:31:00] [DEBUG] Check: 16:31:00 | Window: Inactive | Python: Running (PID: 9120)
[2026-02-04 16:31:00] [INFO] End time reached - stopping processes...
[2026-02-04 16:31:01] [INFO] Stopping worker process. Reason: Unexpected Process Stop
[2026-02-04 16:31:01] [DEBUG] Process stop recorded: ProcessStop - Unexpected Process Stop (Unexpected: True)
[2026-02-04 16:31:01] [DEBUG] Persistent tracking saved to: D:\RaihanFarid\Dokumen\faceRecog\ProjectKnowledgeBase\active\logs-running\magick\persistent_tracking.json
[2026-02-04 16:31:01] [WARN] Unexpected stop detected - validating and collecting current run...
[2026-02-04 16:31:01] [INFO] Performing validation on stop: Unexpected Process Stop
[2026-02-04 16:31:01] [DEBUG] No current run folder, finding latest...
[2026-02-04 16:31:01] [DEBUG] Validating latest run folder on stop: Magick_Process_MaskDetect_2026-02-03_16-58-54
[2026-02-04 16:31:01] [DEBUG] Collecting attachments from: Magick_Process_MaskDetect_2026-02-03_16-58-54
[2026-02-04 16:31:01] [DEBUG]   Found run log: run_2026-02-03_16-58-54.log
[2026-02-04 16:31:01] [DEBUG]   Found metadata.json
[2026-02-04 16:31:01] [INFO] Collected 2 files from Magick_Process_MaskDetect_2026-02-03_16-58-54 (0 MB)
[2026-02-04 16:31:01] [SUCCESS] Collected latest run on stop: Magick_Process_MaskDetect_2026-02-03_16-58-54
[2026-02-04 16:31:01] [DEBUG] Enhanced PID tracking saved with 1 collected folders
[2026-02-04 16:31:01] [DEBUG] Persistent tracking saved to: D:\RaihanFarid\Dokumen\faceRecog\ProjectKnowledgeBase\active\logs-running\magick\persistent_tracking.json
[2026-02-04 16:31:02] [DEBUG] Persistent tracking saved to: D:\RaihanFarid\Dokumen\faceRecog\ProjectKnowledgeBase\active\logs-running\magick\persistent_tracking.json
[2026-02-04 16:31:02] [INFO] Stopping Python process (PID: 9120)...
[2026-02-04 16:31:04] [WARN] Forcefully terminating Python process...
[2026-02-04 16:31:04] [SUCCESS] Python process terminated
[2026-02-04 16:31:04] [INFO] Stopping worker process (PID: 29352)...
[2026-02-04 16:31:06] [SUCCESS] Worker process exited gracefully
[2026-02-04 16:31:06] [DEBUG] Removed PID tracking file
[2026-02-04 16:31:06] [INFO] Stopped processes: Python, Worker
[2026-02-04 16:31:06] [INFO] Waiting for output generation...
[2026-02-04 16:31:16] [INFO] Validating final worker output...
[2026-02-04 16:31:16] [INFO] Validating face recognition output structure...
[2026-02-04 16:31:16] [INFO] Validating folder structure for: Magick_Process_MaskDetect_2026-02-03_16-58-54
[2026-02-04 16:31:16] [DEBUG] Found subfolder: logs
[2026-02-04 16:31:16] [DEBUG] Found subfolder: script_output
[2026-02-04 16:31:16] [DEBUG] Metadata file is valid JSON
[2026-02-04 16:31:16] [DEBUG] Metadata file size: 1.33 KB
[2026-02-04 16:31:16] [DEBUG] Found 3 log files
[2026-02-04 16:31:16] [DEBUG] completion_summary.txt size: 4.4 KB
[2026-02-04 16:31:16] [DEBUG] python_output.txt size: 115.31 KB
[2026-02-04 16:31:16] [DEBUG] Latest run log: run_2026-02-03_16-58-54.log (2.64 KB)
[2026-02-04 16:31:16] [DEBUG] Script output contains 1 items
[2026-02-04 16:31:16] [DEBUG] Total folder size: 0.12 MB
[2026-02-04 16:31:16] [DEBUG] Total attachment size: 0.01 MB
[2026-02-04 16:31:16] [SUCCESS] VALIDATION SUCCESS: Folder structure complete
[2026-02-04 16:31:16] [SUCCESS]   - Path: D:\RaihanFarid\Dokumen\faceRecog\ProjectKnowledgeBase\active\logs-running\magick\Magick_Process_MaskDetect_2026-02-03_16-58-54
[2026-02-04 16:31:16] [SUCCESS]   - Created: 02/03/2026 16:58:54
[2026-02-04 16:31:16] [SUCCESS]   - Size: 0.12 MB
[2026-02-04 16:31:16] [SUCCESS]   - Attachments: 0.01 MB
[2026-02-04 16:31:16] [DEBUG] Collecting attachments from: Magick_Process_MaskDetect_2026-02-03_16-58-54
[2026-02-04 16:31:16] [DEBUG]   Found run log: run_2026-02-03_16-58-54.log
[2026-02-04 16:31:16] [DEBUG]   Found metadata.json
[2026-02-04 16:31:16] [INFO] Collected 2 files from Magick_Process_MaskDetect_2026-02-03_16-58-54 (0 MB)
[2026-02-04 16:31:16] [INFO] Preparing to send completion notifications to 2 recipient(s) using MailKit...
[2026-02-04 16:31:16] [DEBUG] Email credential loaded from C:\Users\MIS2\.face-recog\email-credential.xml
[2026-02-04 16:31:16] [INFO] Using pre-collected attachments: 2 files
[2026-02-04 16:31:16] [DEBUG] Found latest run log: run_2026-02-03_16-58-54.log
[2026-02-04 16:31:16] [DEBUG] Found metadata.json
[2026-02-04 16:31:16] [INFO] Using MailKit v4.14.0.0 for email sending
[2026-02-04 16:31:16] [INFO] Sending emails in 2 different language(s) using MailKit
[2026-02-04 16:31:16] [INFO] Sending English email to: faridraihan17@gmail.com
[2026-02-04 16:31:17] [DEBUG] Using MailKit 4.0+ API for message construction
[2026-02-04 16:31:17] [DEBUG] Added attachment using BodyBuilder: D:\RaihanFarid\Dokumen\faceRecog\ProjectKnowledgeBase\active\logs-running\magick\Magick_Process_MaskDetect_2026-02-03_16-58-54\logs\run_2026-02-03_16-58-54.log
[2026-02-04 16:31:17] [DEBUG] Added attachment using BodyBuilder: D:\RaihanFarid\Dokumen\faceRecog\ProjectKnowledgeBase\active\logs-running\magick\Magick_Process_MaskDetect_2026-02-03_16-58-54\metadata.json
[2026-02-04 16:31:17] [DEBUG] Added attachment using BodyBuilder: D:\RaihanFarid\Dokumen\faceRecog\ProjectKnowledgeBase\active\logs-running\magick\Magick_Process_MaskDetect_2026-02-03_16-58-54\logs\run_2026-02-03_16-58-54.log
[2026-02-04 16:31:17] [DEBUG] Added attachment using BodyBuilder: D:\RaihanFarid\Dokumen\faceRecog\ProjectKnowledgeBase\active\logs-running\magick\Magick_Process_MaskDetect_2026-02-03_16-58-54\metadata.json
[2026-02-04 16:31:17] [DEBUG] Connecting to SMTP server smtp.gmail.com:587 (SSL: True)...
[2026-02-04 16:31:18] [DEBUG] Authenticating as faridraihan17@gmail.com...
[2026-02-04 16:31:18] [DEBUG] Sending email...
[2026-02-04 16:31:20] [SUCCESS] Email sent successfully using MailKit
[2026-02-04 16:31:20] [SUCCESS] Successfully sent English email to 1 recipient(s) using MailKit
[2026-02-04 16:31:20] [INFO] Sending Bahasa email to: ikeepmypromiz@gmail.com
[2026-02-04 16:31:20] [DEBUG] Using MailKit 4.0+ API for message construction
[2026-02-04 16:31:20] [DEBUG] Added attachment using BodyBuilder: D:\RaihanFarid\Dokumen\faceRecog\ProjectKnowledgeBase\active\logs-running\magick\Magick_Process_MaskDetect_2026-02-03_16-58-54\logs\run_2026-02-03_16-58-54.log
[2026-02-04 16:31:20] [DEBUG] Added attachment using BodyBuilder: D:\RaihanFarid\Dokumen\faceRecog\ProjectKnowledgeBase\active\logs-running\magick\Magick_Process_MaskDetect_2026-02-03_16-58-54\metadata.json
[2026-02-04 16:31:20] [DEBUG] Added attachment using BodyBuilder: D:\RaihanFarid\Dokumen\faceRecog\ProjectKnowledgeBase\active\logs-running\magick\Magick_Process_MaskDetect_2026-02-03_16-58-54\logs\run_2026-02-03_16-58-54.log
[2026-02-04 16:31:20] [DEBUG] Added attachment using BodyBuilder: D:\RaihanFarid\Dokumen\faceRecog\ProjectKnowledgeBase\active\logs-running\magick\Magick_Process_MaskDetect_2026-02-03_16-58-54\metadata.json
[2026-02-04 16:31:20] [DEBUG] Connecting to SMTP server smtp.gmail.com:587 (SSL: True)...
[2026-02-04 16:31:21] [DEBUG] Authenticating as faridraihan17@gmail.com...
[2026-02-04 16:31:22] [DEBUG] Sending email...
[2026-02-04 16:31:24] [SUCCESS] Email sent successfully using MailKit
[2026-02-04 16:31:24] [SUCCESS] Successfully sent Bahasa email to 1 recipient(s) using MailKit
[2026-02-04 16:31:24] [SUCCESS] All emails sent successfully using MailKit (2 total recipients)
[2026-02-04 16:31:24] [SUCCESS] Completion emails sent successfully with 1 collected runs.
[2026-02-04 16:31:24] [DEBUG] Persistent tracking saved to: D:\RaihanFarid\Dokumen\faceRecog\ProjectKnowledgeBase\active\logs-running\magick\persistent_tracking.json
[2026-02-04 16:31:24] [INFO] Initiating graceful shutdown: Schedule completed
[2026-02-04 16:31:24] [INFO] Stopping worker process. Reason: Normal Shutdown
[2026-02-04 16:31:24] [DEBUG] Process stop recorded: ProcessStop - Normal Shutdown (Unexpected: False)
[2026-02-04 16:31:24] [DEBUG] Persistent tracking saved to: D:\RaihanFarid\Dokumen\faceRecog\ProjectKnowledgeBase\active\logs-running\magick\persistent_tracking.json
[2026-02-04 16:31:24] [DEBUG] Sudden termination tracking saved
[2026-02-04 16:31:24] [DEBUG] Sudden termination tracking saved
[2026-02-04 16:31:24] [SUCCESS] Graceful shutdown completed successfully
[2026-02-04 16:31:24] [INFO] Process completed. Stopping monitor as configured...
[2026-02-04 16:31:24] [INFO] Cleaning up...
[2026-02-04 16:31:24] [DEBUG] Collecting attachments from: Magick_Process_MaskDetect_2026-02-03_16-58-54
[2026-02-04 16:31:24] [DEBUG]   Found run log: run_2026-02-03_16-58-54.log
[2026-02-04 16:31:24] [DEBUG]   Found metadata.json
[2026-02-04 16:31:24] [INFO] Collected 2 files from Magick_Process_MaskDetect_2026-02-03_16-58-54 (0 MB)
[2026-02-04 16:31:24] [INFO] Collected final run during cleanup: Magick_Process_MaskDetect_2026-02-03_16-58-54
[2026-02-04 16:31:24] [INFO] Stopping worker process. Reason: Normal Shutdown
[2026-02-04 16:31:24] [DEBUG] Process stop recorded: ProcessStop - Normal Shutdown (Unexpected: False)
[2026-02-04 16:31:24] [DEBUG] Persistent tracking saved to: D:\RaihanFarid\Dokumen\faceRecog\ProjectKnowledgeBase\active\logs-running\magick\persistent_tracking.json
[2026-02-04 16:31:24] [DEBUG] Process stop recorded: Shutdown - Monitor stopping (Unexpected: False)
[2026-02-04 16:31:24] [DEBUG] Persistent tracking saved to: D:\RaihanFarid\Dokumen\faceRecog\ProjectKnowledgeBase\active\logs-running\magick\persistent_tracking.json
[2026-02-04 16:31:24] [DEBUG] Persistent tracking saved to: D:\RaihanFarid\Dokumen\faceRecog\ProjectKnowledgeBase\active\logs-running\magick\persistent_tracking.json
[2026-02-04 16:31:24] [INFO] =============== Face Recognition Monitor Stopped ===============
[2026-02-04 17:00:09] [INFO] =============== Face Recognition Monitor Started ===============
[2026-02-04 17:00:09] [INFO] Monitor Version: 2.1 (Enhanced with MailKit Verification)
[2026-02-04 17:00:09] [INFO] Performing early MailKit assembly verification...
[2026-02-04 17:00:09] [INFO] Generating MailKit status report...
[2026-02-04 17:00:09] [INFO] Starting MailKit assembly verification...
[2026-02-04 17:00:09] [INFO] MailKit is already loaded into current AppDomain
[2026-02-04 17:00:09] [DEBUG]   - MailKit Version: 4.14.0.0
[2026-02-04 17:00:09] [DEBUG]   - MimeKit Version: 4.14.0.0
[2026-02-04 17:00:09] [SUCCESS] MailKit is ready for email functionality
[2026-02-04 17:00:09] [INFO]   - Assembly: PreLoaded
[2026-02-04 17:00:09] [INFO]   - Version: 4.14.0.0
[2026-02-04 17:00:09] [INFO] Performing startup cleanup check...
[2026-02-04 17:00:09] [INFO] Loaded sudden termination tracking: 1 total events, current streak: 0
[2026-02-04 17:00:09] [INFO] No orphaned processes found on startup
[2026-02-04 17:00:09] [INFO] Testing email configuration with enhanced MailKit verification...
[2026-02-04 17:00:09] [INFO] Generating MailKit status report...
[2026-02-04 17:00:09] [INFO] Starting MailKit assembly verification...
[2026-02-04 17:00:09] [INFO] MailKit is already loaded into current AppDomain
[2026-02-04 17:00:09] [DEBUG]   - MailKit Version: 4.14.0.0
[2026-02-04 17:00:09] [DEBUG]   - MimeKit Version: 4.14.0.0
[2026-02-04 17:00:09] [INFO] Generating MailKit status report...
[2026-02-04 17:00:09] [INFO] Starting MailKit assembly verification...
[2026-02-04 17:00:09] [INFO] MailKit is already loaded into current AppDomain
[2026-02-04 17:00:09] [DEBUG]   - MailKit Version: 4.14.0.0
[2026-02-04 17:00:09] [DEBUG]   - MimeKit Version: 4.14.0.0
=== MAILKIT STATUS REPORT ===
Timestamp: 2026-02-04 17:00:09
Overall Status: READY

ASSEMBLY STATUS:
- Available: True
- Load Method: PreLoaded
- MailKit Version: 4.14.0.0
- MimeKit Version: 4.14.0.0
- Dependencies: True

CONFIGURATION STATUS:
- Email Enabled: True
- SMTP Configured: True
- Credential File: True
- Recipients: True
- SMTP Server: smtp.gmail.com
- SMTP Port: 587
- SSL: True

SYSTEM INFORMATION:
- PowerShell: 7.5.4
- CLR: Unknown
- OS: Microsoft Windows NT 10.0.26200.0
- Host: MIS02

RECOMMENDATIONS:

[2026-02-04 17:00:09] [INFO] MailKit status report written to log
[2026-02-04 17:00:09] [INFO] Verifying MailKit assembly...
[2026-02-04 17:00:09] [SUCCESS] MailKit assembly verification PASSED
[2026-02-04 17:00:09] [INFO]   - Load Method: PreLoaded
[2026-02-04 17:00:09] [INFO]   - MailKit Version: 4.14.0.0
[2026-02-04 17:00:09] [INFO]   - MimeKit Version: 4.14.0.0
[2026-02-04 17:00:09] [INFO] Verifying SMTP configuration...
[2026-02-04 17:00:09] [SUCCESS] SMTP configuration verification PASSED
[2026-02-04 17:00:10] [INFO]   - Server: smtp.gmail.com:587
[2026-02-04 17:00:10] [INFO]   - SSL: True
[2026-02-04 17:00:10] [INFO] Verifying email recipients...
[2026-02-04 17:00:10] [SUCCESS] Found 2 email recipient(s)
[2026-02-04 17:00:10] [INFO] Verifying email credentials...
[2026-02-04 17:00:10] [SUCCESS] Email credential verification PASSED
[2026-02-04 17:00:10] [INFO]   - Credential file: C:\Users\MIS2\.face-recog\email-credential.xml
[2026-02-04 17:00:10] [INFO] GMAIL CONFIGURATION NOTES:
[2026-02-04 17:00:10] [INFO] - Using SMTP: smtp.gmail.com:587
[2026-02-04 17:00:10] [INFO] - SSL Enabled: True
[2026-02-04 17:00:10] [INFO] - Ensure you're using an App Password, not your regular password
[2026-02-04 17:00:10] [INFO] - Gmail attachment limit: 25 MB total
[2026-02-04 17:00:10] [INFO] - Enable 2-Step Verification in Google Account
[2026-02-04 17:00:10] [INFO] - Generate App Password: https://myaccount.google.com/apppasswords
[2026-02-04 17:00:10] [SUCCESS] Email configuration validation COMPLETE
[2026-02-04 17:00:10] [INFO] Overall status: READY
[2026-02-04 17:00:10] [INFO] Skipping interactive test email prompt as per configuration
[2026-02-04 17:00:10] [SUCCESS] Email configuration validated successfully
[2026-02-04 17:00:10] [DEBUG] No PID tracking file found
[2026-02-04 17:00:10] [INFO] Loaded persistent tracking with 1 collected folders
[2026-02-04 17:00:10] [INFO] Checking for orphaned runs...
[2026-02-04 17:00:10] [DEBUG] Validating last known folder: Magick_Process_MaskDetect_2026-02-03_16-58-54
[2026-02-04 17:00:10] [DEBUG] Collecting attachments from: Magick_Process_MaskDetect_2026-02-03_16-58-54
[2026-02-04 17:00:10] [DEBUG]   Found run log: run_2026-02-03_16-58-54.log
[2026-02-04 17:00:10] [DEBUG]   Found metadata.json
[2026-02-04 17:00:10] [INFO] Collected 2 files from Magick_Process_MaskDetect_2026-02-03_16-58-54 (0 MB)
[2026-02-04 17:00:10] [INFO] Loaded persistent tracking with 1 collected folders
[2026-02-04 17:00:10] [INFO] Checking for orphaned runs...
[2026-02-04 17:00:10] [DEBUG] Validating last known folder: Magick_Process_MaskDetect_2026-02-03_16-58-54
[2026-02-04 17:00:10] [DEBUG] Collecting attachments from: Magick_Process_MaskDetect_2026-02-03_16-58-54
[2026-02-04 17:00:10] [DEBUG]   Found run log: run_2026-02-03_16-58-54.log
[2026-02-04 17:00:10] [DEBUG]   Found metadata.json
[2026-02-04 17:00:10] [INFO] Collected 2 files from Magick_Process_MaskDetect_2026-02-03_16-58-54 (0 MB)
[2026-02-04 17:00:11] [DEBUG] Console control handler registered
[2026-02-04 17:00:11] [DEBUG] Check: 17:00:11 | Window: Inactive | Python: Stopped
[2026-02-04 17:00:11] [INFO] End time reached - no active processes to stop
[2026-02-04 17:00:11] [DEBUG] Persistent tracking saved to: D:\RaihanFarid\Dokumen\faceRecog\ProjectKnowledgeBase\active\logs-running\magick\persistent_tracking.json
[2026-02-04 17:00:11] [INFO] Initiating graceful shutdown: Schedule completed
[2026-02-04 17:00:11] [INFO] Stopping worker process. Reason: Normal Shutdown
[2026-02-04 17:00:11] [DEBUG] Process stop recorded: ProcessStop - Normal Shutdown (Unexpected: False)
[2026-02-04 17:00:11] [DEBUG] Persistent tracking saved to: D:\RaihanFarid\Dokumen\faceRecog\ProjectKnowledgeBase\active\logs-running\magick\persistent_tracking.json
[2026-02-04 17:00:11] [DEBUG] Sudden termination tracking saved
[2026-02-04 17:00:11] [DEBUG] Sudden termination tracking saved
[2026-02-04 17:00:11] [SUCCESS] Graceful shutdown completed successfully
[2026-02-04 17:00:11] [INFO] Process completed. Stopping monitor as configured...
[2026-02-04 17:00:11] [INFO] Cleaning up...
[2026-02-04 17:00:11] [INFO] Stopping worker process. Reason: Normal Shutdown
[2026-02-04 17:00:11] [DEBUG] Process stop recorded: ProcessStop - Normal Shutdown (Unexpected: False)
[2026-02-04 17:00:11] [DEBUG] Persistent tracking saved to: D:\RaihanFarid\Dokumen\faceRecog\ProjectKnowledgeBase\active\logs-running\magick\persistent_tracking.json
[2026-02-04 17:00:11] [DEBUG] Process stop recorded: Shutdown - Monitor stopping (Unexpected: False)
[2026-02-04 17:00:11] [DEBUG] Persistent tracking saved to: D:\RaihanFarid\Dokumen\faceRecog\ProjectKnowledgeBase\active\logs-running\magick\persistent_tracking.json
[2026-02-04 17:00:11] [DEBUG] Persistent tracking saved to: D:\RaihanFarid\Dokumen\faceRecog\ProjectKnowledgeBase\active\logs-running\magick\persistent_tracking.json
[2026-02-04 17:00:11] [INFO] =============== Face Recognition Monitor Stopped ===============
[2026-02-04 17:00:35] [INFO] =============== Face Recognition Monitor Started ===============
[2026-02-04 17:00:35] [INFO] Monitor Version: 2.1 (Enhanced with MailKit Verification)
[2026-02-04 17:00:35] [INFO] Performing early MailKit assembly verification...
[2026-02-04 17:00:35] [INFO] Generating MailKit status report...
[2026-02-04 17:00:35] [INFO] Starting MailKit assembly verification...
[2026-02-04 17:00:36] [INFO] MailKit is already loaded into current AppDomain
[2026-02-04 17:00:36] [DEBUG]   - MailKit Version: 4.14.0.0
[2026-02-04 17:00:36] [DEBUG]   - MimeKit Version: 4.14.0.0
[2026-02-04 17:00:36] [SUCCESS] MailKit is ready for email functionality
[2026-02-04 17:00:36] [INFO]   - Assembly: PreLoaded
[2026-02-04 17:00:36] [INFO]   - Version: 4.14.0.0
[2026-02-04 17:00:36] [INFO] Performing startup cleanup check...
[2026-02-04 17:00:36] [INFO] Loaded sudden termination tracking: 1 total events, current streak: 0
[2026-02-04 17:00:36] [INFO] No orphaned processes found on startup
[2026-02-04 17:00:36] [INFO] Testing email configuration with enhanced MailKit verification...
[2026-02-04 17:00:36] [INFO] Generating MailKit status report...
[2026-02-04 17:00:36] [INFO] Starting MailKit assembly verification...
[2026-02-04 17:00:36] [INFO] MailKit is already loaded into current AppDomain
[2026-02-04 17:00:36] [DEBUG]   - MailKit Version: 4.14.0.0
[2026-02-04 17:00:36] [DEBUG]   - MimeKit Version: 4.14.0.0
[2026-02-04 17:00:36] [INFO] Generating MailKit status report...
[2026-02-04 17:00:36] [INFO] Starting MailKit assembly verification...
[2026-02-04 17:00:36] [INFO] MailKit is already loaded into current AppDomain
[2026-02-04 17:00:36] [DEBUG]   - MailKit Version: 4.14.0.0
[2026-02-04 17:00:36] [DEBUG]   - MimeKit Version: 4.14.0.0
=== MAILKIT STATUS REPORT ===
Timestamp: 2026-02-04 17:00:36
Overall Status: READY

ASSEMBLY STATUS:
- Available: True
- Load Method: PreLoaded
- MailKit Version: 4.14.0.0
- MimeKit Version: 4.14.0.0
- Dependencies: True

CONFIGURATION STATUS:
- Email Enabled: True
- SMTP Configured: True
- Credential File: True
- Recipients: True
- SMTP Server: smtp.gmail.com
- SMTP Port: 587
- SSL: True

SYSTEM INFORMATION:
- PowerShell: 7.5.4
- CLR: Unknown
- OS: Microsoft Windows NT 10.0.26200.0
- Host: MIS02

RECOMMENDATIONS:

[2026-02-04 17:00:36] [INFO] MailKit status report written to log
[2026-02-04 17:00:36] [INFO] Verifying MailKit assembly...
[2026-02-04 17:00:36] [SUCCESS] MailKit assembly verification PASSED
[2026-02-04 17:00:36] [INFO]   - Load Method: PreLoaded
[2026-02-04 17:00:36] [INFO]   - MailKit Version: 4.14.0.0
[2026-02-04 17:00:36] [INFO]   - MimeKit Version: 4.14.0.0
[2026-02-04 17:00:36] [INFO] Verifying SMTP configuration...
[2026-02-04 17:00:36] [SUCCESS] SMTP configuration verification PASSED
[2026-02-04 17:00:36] [INFO]   - Server: smtp.gmail.com:587
[2026-02-04 17:00:36] [INFO]   - SSL: True
[2026-02-04 17:00:36] [INFO] Verifying email recipients...
[2026-02-04 17:00:36] [SUCCESS] Found 2 email recipient(s)
[2026-02-04 17:00:36] [INFO] Verifying email credentials...
[2026-02-04 17:00:36] [SUCCESS] Email credential verification PASSED
[2026-02-04 17:00:36] [INFO]   - Credential file: C:\Users\MIS2\.face-recog\email-credential.xml
[2026-02-04 17:00:36] [INFO] GMAIL CONFIGURATION NOTES:
[2026-02-04 17:00:36] [INFO] - Using SMTP: smtp.gmail.com:587
[2026-02-04 17:00:36] [INFO] - SSL Enabled: True
[2026-02-04 17:00:36] [INFO] - Ensure you're using an App Password, not your regular password
[2026-02-04 17:00:36] [INFO] - Gmail attachment limit: 25 MB total
[2026-02-04 17:00:36] [INFO] - Enable 2-Step Verification in Google Account
[2026-02-04 17:00:36] [INFO] - Generate App Password: https://myaccount.google.com/apppasswords
[2026-02-04 17:00:36] [SUCCESS] Email configuration validation COMPLETE
[2026-02-04 17:00:36] [INFO] Overall status: READY
[2026-02-04 17:00:36] [INFO] Skipping interactive test email prompt as per configuration
[2026-02-04 17:00:36] [SUCCESS] Email configuration validated successfully
[2026-02-04 17:00:36] [DEBUG] No PID tracking file found
[2026-02-04 17:00:36] [INFO] Loaded persistent tracking with 0 collected folders
[2026-02-04 17:00:36] [INFO] Checking for orphaned runs...
[2026-02-04 17:00:36] [INFO] Loaded persistent tracking with 0 collected folders
[2026-02-04 17:00:36] [INFO] Checking for orphaned runs...
[2026-02-04 17:00:37] [DEBUG] Console control handler registered
[2026-02-04 17:00:37] [DEBUG] Check: 17:00:37 | Window: Active | Python: Stopped
[2026-02-04 17:00:37] [DEBUG] Check: 17:00:37 | Window: Active | Python: Stopped
[2026-02-04 17:00:37] [INFO] Time window active and no Python process running - starting worker...
[2026-02-04 17:00:37] [DEBUG] Searching for Python process...
[2026-02-04 17:00:37] [DEBUG] No Python process found matching criteria
[2026-02-04 17:00:37] [INFO] Starting face recognition worker process...
[2026-02-04 17:00:37] [SUCCESS] Worker process started (PID: 40164)
[2026-02-04 17:00:37] [INFO] Waiting for Python process to start...
[2026-02-04 17:00:37] [DEBUG] Searching for Python process...
[2026-02-04 17:00:37] [DEBUG] No Python process found matching criteria
[2026-02-04 17:00:39] [DEBUG] Searching for Python process...
[2026-02-04 17:00:40] [SUCCESS] Found Python process with our script: PID=20432
[2026-02-04 17:00:40] [SUCCESS] Python process found (PID: 20432)
[2026-02-04 17:00:40] [DEBUG] Enhanced PID tracking saved with 0 collected folders
[2026-02-04 17:00:40] [DEBUG] Persistent tracking saved to: D:\RaihanFarid\Dokumen\faceRecog\ProjectKnowledgeBase\active\logs-running\magick\persistent_tracking.json
[2026-02-04 17:00:40] [SUCCESS] Worker started. Monitoring Python process...
[2026-02-04 17:00:45] [DEBUG] Check: 17:00:45 | Window: Active | Python: Running (PID: 20432)
[2026-02-04 17:00:50] [DEBUG] Check: 17:00:50 | Window: Active | Python: Running (PID: 20432)
[2026-02-04 17:00:55] [DEBUG] Check: 17:00:55 | Window: Active | Python: Running (PID: 20432)
[2026-02-04 17:01:01] [DEBUG] Check: 17:01:01 | Window: Active | Python: Running (PID: 20432)
[2026-02-04 17:01:06] [DEBUG] Check: 17:01:06 | Window: Active | Python: Running (PID: 20432)
[2026-02-04 17:01:11] [DEBUG] Check: 17:01:11 | Window: Active | Python: Running (PID: 20432)
[2026-02-04 17:01:16] [DEBUG] Check: 17:01:16 | Window: Active | Python: Running (PID: 20432)
[2026-02-04 17:01:21] [DEBUG] Check: 17:01:21 | Window: Active | Python: Running (PID: 20432)
[2026-02-04 17:01:26] [DEBUG] Searching for Python process...
[2026-02-04 17:01:26] [DEBUG] No Python process found matching criteria
[2026-02-04 17:01:26] [WARN] Detected unexpected process stop. Worker: True -> False, Python: True -> False
[2026-02-04 17:01:26] [DEBUG] Check: 17:01:26 | Window: Active | Python: Stopped
[2026-02-04 17:01:26] [DEBUG] Check: 17:01:26 | Window: Active | Python: Stopped
[2026-02-04 17:01:26] [INFO] Time window active and no Python process running - starting worker...
[2026-02-04 17:01:26] [DEBUG] Searching for Python process...
[2026-02-04 17:01:26] [DEBUG] No Python process found matching criteria
[2026-02-04 17:01:26] [INFO] Starting face recognition worker process...
[2026-02-04 17:01:26] [SUCCESS] Worker process started (PID: 35524)
[2026-02-04 17:01:26] [INFO] Waiting for Python process to start...
[2026-02-04 17:01:26] [DEBUG] Searching for Python process...
[2026-02-04 17:01:26] [DEBUG] No Python process found matching criteria
[2026-02-04 17:01:28] [DEBUG] Searching for Python process...
[2026-02-04 17:01:28] [SUCCESS] Found Python process with our script: PID=10024
[2026-02-04 17:01:28] [SUCCESS] Python process found (PID: 10024)
[2026-02-04 17:01:28] [DEBUG] Enhanced PID tracking saved with 0 collected folders
[2026-02-04 17:01:28] [DEBUG] Persistent tracking saved to: D:\RaihanFarid\Dokumen\faceRecog\ProjectKnowledgeBase\active\logs-running\magick\persistent_tracking.json
[2026-02-04 17:01:28] [SUCCESS] Worker started. Monitoring Python process...
[2026-02-04 17:01:33] [DEBUG] Check: 17:01:33 | Window: Active | Python: Running (PID: 10024)
[2026-02-04 17:01:38] [DEBUG] Check: 17:01:38 | Window: Active | Python: Running (PID: 10024)
[2026-02-04 17:01:43] [DEBUG] Check: 17:01:43 | Window: Active | Python: Running (PID: 10024)
[2026-02-04 17:01:48] [DEBUG] Check: 17:01:48 | Window: Active | Python: Running (PID: 10024)
[2026-02-04 17:01:53] [DEBUG] Check: 17:01:53 | Window: Active | Python: Running (PID: 10024)
[2026-02-04 17:01:58] [DEBUG] Check: 17:01:58 | Window: Active | Python: Running (PID: 10024)
[2026-02-04 17:02:03] [DEBUG] Check: 17:02:03 | Window: Inactive | Python: Running (PID: 10024)
[2026-02-04 17:02:03] [INFO] End time reached - stopping processes...
[2026-02-04 17:02:03] [INFO] Stopping worker process. Reason: Unexpected Process Stop
[2026-02-04 17:02:03] [DEBUG] Process stop recorded: ProcessStop - Unexpected Process Stop (Unexpected: True)
[2026-02-04 17:02:03] [DEBUG] Persistent tracking saved to: D:\RaihanFarid\Dokumen\faceRecog\ProjectKnowledgeBase\active\logs-running\magick\persistent_tracking.json
[2026-02-04 17:02:03] [WARN] Unexpected stop detected - validating and collecting current run...
[2026-02-04 17:02:03] [INFO] Performing validation on stop: Unexpected Process Stop
[2026-02-04 17:02:04] [DEBUG] No current run folder, finding latest...
[2026-02-04 17:02:04] [DEBUG] Validating latest run folder on stop: Magick_Process_MaskDetect_2026-02-03_16-58-54
[2026-02-04 17:02:04] [DEBUG] Collecting attachments from: Magick_Process_MaskDetect_2026-02-03_16-58-54
[2026-02-04 17:02:04] [DEBUG]   Found run log: run_2026-02-03_16-58-54.log
[2026-02-04 17:02:04] [DEBUG]   Found metadata.json
[2026-02-04 17:02:04] [INFO] Collected 2 files from Magick_Process_MaskDetect_2026-02-03_16-58-54 (0 MB)
[2026-02-04 17:02:04] [SUCCESS] Collected latest run on stop: Magick_Process_MaskDetect_2026-02-03_16-58-54
[2026-02-04 17:02:04] [DEBUG] Enhanced PID tracking saved with 1 collected folders
[2026-02-04 17:02:04] [DEBUG] Persistent tracking saved to: D:\RaihanFarid\Dokumen\faceRecog\ProjectKnowledgeBase\active\logs-running\magick\persistent_tracking.json
[2026-02-04 17:02:04] [DEBUG] Persistent tracking saved to: D:\RaihanFarid\Dokumen\faceRecog\ProjectKnowledgeBase\active\logs-running\magick\persistent_tracking.json
[2026-02-04 17:02:04] [INFO] Stopping Python process (PID: 10024)...
[2026-02-04 17:02:06] [WARN] Forcefully terminating Python process...
[2026-02-04 17:02:06] [SUCCESS] Python process terminated
[2026-02-04 17:02:06] [INFO] Stopping worker process (PID: 35524)...
[2026-02-04 17:02:08] [SUCCESS] Worker process exited gracefully
[2026-02-04 17:02:08] [DEBUG] Removed PID tracking file
[2026-02-04 17:02:08] [INFO] Stopped processes: Python, Worker
[2026-02-04 17:02:08] [INFO] Waiting for output generation...
[2026-02-04 17:02:18] [INFO] Validating final worker output...
[2026-02-04 17:02:18] [INFO] Validating face recognition output structure...
[2026-02-04 17:02:18] [INFO] Validating folder structure for: Magick_Process_MaskDetect_2026-02-03_16-58-54
[2026-02-04 17:02:18] [DEBUG] Found subfolder: logs
[2026-02-04 17:02:18] [DEBUG] Found subfolder: script_output
[2026-02-04 17:02:18] [DEBUG] Metadata file is valid JSON
[2026-02-04 17:02:18] [DEBUG] Metadata file size: 1.33 KB
[2026-02-04 17:02:18] [DEBUG] Found 3 log files
[2026-02-04 17:02:19] [DEBUG] completion_summary.txt size: 4.4 KB
[2026-02-04 17:02:19] [DEBUG] python_output.txt size: 115.31 KB
[2026-02-04 17:02:19] [DEBUG] Latest run log: run_2026-02-03_16-58-54.log (2.64 KB)
[2026-02-04 17:02:19] [DEBUG] Script output contains 1 items
[2026-02-04 17:02:19] [DEBUG] Total folder size: 0.12 MB
[2026-02-04 17:02:19] [DEBUG] Total attachment size: 0.01 MB
[2026-02-04 17:02:19] [SUCCESS] VALIDATION SUCCESS: Folder structure complete
[2026-02-04 17:02:19] [SUCCESS]   - Path: D:\RaihanFarid\Dokumen\faceRecog\ProjectKnowledgeBase\active\logs-running\magick\Magick_Process_MaskDetect_2026-02-03_16-58-54
[2026-02-04 17:02:19] [SUCCESS]   - Created: 02/03/2026 16:58:54
[2026-02-04 17:02:19] [SUCCESS]   - Size: 0.12 MB
[2026-02-04 17:02:19] [SUCCESS]   - Attachments: 0.01 MB
[2026-02-04 17:02:19] [DEBUG] Collecting attachments from: Magick_Process_MaskDetect_2026-02-03_16-58-54
[2026-02-04 17:02:19] [DEBUG]   Found run log: run_2026-02-03_16-58-54.log
[2026-02-04 17:02:19] [DEBUG]   Found metadata.json
[2026-02-04 17:02:19] [INFO] Collected 2 files from Magick_Process_MaskDetect_2026-02-03_16-58-54 (0 MB)
[2026-02-04 17:02:19] [INFO] Preparing to send completion notifications to 2 recipient(s)...
[2026-02-04 17:02:19] [DEBUG] Email credential loaded from C:\Users\MIS2\.face-recog\email-credential.xml
[2026-02-04 17:02:19] [INFO] Using pre-collected attachments: 2 files
[2026-02-04 17:02:19] [DEBUG] Found latest run log: run_2026-02-03_16-58-54.log
[2026-02-04 17:02:19] [DEBUG] Found metadata.json
[2026-02-04 17:02:19] [INFO] Sending emails in 2 different language(s)
[2026-02-04 17:02:19] [INFO] Sending English email to: faridraihan17@gmail.com
[2026-02-04 17:02:19] [INFO] Using MailKit v4.14.0.0 for email sending
[2026-02-04 17:02:19] [DEBUG] Using MailKit 4.0+ API for message construction
[2026-02-04 17:02:19] [DEBUG] Added attachment using BodyBuilder: D:\RaihanFarid\Dokumen\faceRecog\ProjectKnowledgeBase\active\logs-running\magick\Magick_Process_MaskDetect_2026-02-03_16-58-54\logs\run_2026-02-03_16-58-54.log
[2026-02-04 17:02:19] [DEBUG] Added attachment using BodyBuilder: D:\RaihanFarid\Dokumen\faceRecog\ProjectKnowledgeBase\active\logs-running\magick\Magick_Process_MaskDetect_2026-02-03_16-58-54\metadata.json
[2026-02-04 17:02:19] [DEBUG] Added attachment using BodyBuilder: D:\RaihanFarid\Dokumen\faceRecog\ProjectKnowledgeBase\active\logs-running\magick\Magick_Process_MaskDetect_2026-02-03_16-58-54\logs\run_2026-02-03_16-58-54.log
[2026-02-04 17:02:19] [DEBUG] Added attachment using BodyBuilder: D:\RaihanFarid\Dokumen\faceRecog\ProjectKnowledgeBase\active\logs-running\magick\Magick_Process_MaskDetect_2026-02-03_16-58-54\metadata.json
[2026-02-04 17:02:19] [DEBUG] Connecting to SMTP server smtp.gmail.com:587 (SSL: True)...
[2026-02-04 17:02:20] [DEBUG] Authenticating as faridraihan17@gmail.com...
[2026-02-04 17:02:21] [DEBUG] Sending email...
[2026-02-04 17:02:23] [SUCCESS] Email sent successfully using MailKit
[2026-02-04 17:02:23] [SUCCESS] Successfully sent English email to 1 recipient(s)
[2026-02-04 17:02:23] [INFO] Sending Bahasa email to: ikeepmypromiz@gmail.com
[2026-02-04 17:02:23] [INFO] Using MailKit v4.14.0.0 for email sending
[2026-02-04 17:02:23] [DEBUG] Using MailKit 4.0+ API for message construction
[2026-02-04 17:02:23] [DEBUG] Added attachment using BodyBuilder: D:\RaihanFarid\Dokumen\faceRecog\ProjectKnowledgeBase\active\logs-running\magick\Magick_Process_MaskDetect_2026-02-03_16-58-54\logs\run_2026-02-03_16-58-54.log
[2026-02-04 17:02:23] [DEBUG] Added attachment using BodyBuilder: D:\RaihanFarid\Dokumen\faceRecog\ProjectKnowledgeBase\active\logs-running\magick\Magick_Process_MaskDetect_2026-02-03_16-58-54\metadata.json
[2026-02-04 17:02:23] [DEBUG] Added attachment using BodyBuilder: D:\RaihanFarid\Dokumen\faceRecog\ProjectKnowledgeBase\active\logs-running\magick\Magick_Process_MaskDetect_2026-02-03_16-58-54\logs\run_2026-02-03_16-58-54.log
[2026-02-04 17:02:23] [DEBUG] Added attachment using BodyBuilder: D:\RaihanFarid\Dokumen\faceRecog\ProjectKnowledgeBase\active\logs-running\magick\Magick_Process_MaskDetect_2026-02-03_16-58-54\metadata.json
[2026-02-04 17:02:23] [DEBUG] Connecting to SMTP server smtp.gmail.com:587 (SSL: True)...
[2026-02-04 17:02:24] [DEBUG] Authenticating as faridraihan17@gmail.com...
[2026-02-04 17:02:24] [DEBUG] Sending email...
[2026-02-04 17:02:26] [SUCCESS] Email sent successfully using MailKit
[2026-02-04 17:02:26] [SUCCESS] Successfully sent Bahasa email to 1 recipient(s)
[2026-02-04 17:02:26] [SUCCESS] All emails sent successfully (2 total recipients)
[2026-02-04 17:02:26] [SUCCESS] Completion emails sent successfully with 1 collected runs.
[2026-02-04 17:02:26] [DEBUG] Persistent tracking saved to: D:\RaihanFarid\Dokumen\faceRecog\ProjectKnowledgeBase\active\logs-running\magick\persistent_tracking.json
[2026-02-04 17:02:27] [INFO] Initiating graceful shutdown: Schedule completed
[2026-02-04 17:02:27] [INFO] Stopping worker process. Reason: Normal Shutdown
[2026-02-04 17:02:27] [DEBUG] Process stop recorded: ProcessStop - Normal Shutdown (Unexpected: False)
[2026-02-04 17:02:27] [DEBUG] Persistent tracking saved to: D:\RaihanFarid\Dokumen\faceRecog\ProjectKnowledgeBase\active\logs-running\magick\persistent_tracking.json
[2026-02-04 17:02:27] [DEBUG] Sudden termination tracking saved
[2026-02-04 17:02:27] [DEBUG] Sudden termination tracking saved
[2026-02-04 17:02:27] [SUCCESS] Graceful shutdown completed successfully
[2026-02-04 17:02:27] [INFO] Process completed. Stopping monitor as configured...
[2026-02-04 17:02:27] [INFO] Cleaning up...
[2026-02-04 17:02:27] [DEBUG] Collecting attachments from: Magick_Process_MaskDetect_2026-02-03_16-58-54
[2026-02-04 17:02:27] [DEBUG]   Found run log: run_2026-02-03_16-58-54.log
[2026-02-04 17:02:27] [DEBUG]   Found metadata.json
[2026-02-04 17:02:27] [INFO] Collected 2 files from Magick_Process_MaskDetect_2026-02-03_16-58-54 (0 MB)
[2026-02-04 17:02:27] [INFO] Collected final run during cleanup: Magick_Process_MaskDetect_2026-02-03_16-58-54
[2026-02-04 17:02:27] [INFO] Stopping worker process. Reason: Normal Shutdown
[2026-02-04 17:02:27] [DEBUG] Process stop recorded: ProcessStop - Normal Shutdown (Unexpected: False)
[2026-02-04 17:02:27] [DEBUG] Persistent tracking saved to: D:\RaihanFarid\Dokumen\faceRecog\ProjectKnowledgeBase\active\logs-running\magick\persistent_tracking.json
[2026-02-04 17:02:27] [DEBUG] Process stop recorded: Shutdown - Monitor stopping (Unexpected: False)
[2026-02-04 17:02:27] [DEBUG] Persistent tracking saved to: D:\RaihanFarid\Dokumen\faceRecog\ProjectKnowledgeBase\active\logs-running\magick\persistent_tracking.json
[2026-02-04 17:02:27] [DEBUG] Persistent tracking saved to: D:\RaihanFarid\Dokumen\faceRecog\ProjectKnowledgeBase\active\logs-running\magick\persistent_tracking.json
[2026-02-04 17:02:27] [INFO] =============== Face Recognition Monitor Stopped ===============
