[2026-02-04 10:08:36] [INFO] === Face Recognition Monitor Started ===
[2026-02-04 10:08:36] [INFO] Monitor Version: 2.0 (Stable)
[2026-02-04 10:08:36] [INFO] Start Time: 08:00
[2026-02-04 10:08:36] [INFO] End Time: 14:52
[2026-02-04 10:08:36] [INFO] Worker Script: C:\raihan\dokumen\project\faceRecog\ProjectKnowledgeBase\active\projects\maskRecog\patterns\scripts\1_towerCPU\maskDetect.ps1
[2026-02-04 10:08:36] [INFO] Python Script: C:\raihan\dokumen\project\faceRecog\ProjectKnowledgeBase\active\projects\maskRecog\patterns\algorithm\entry_multi-USED-TowerCPU.py
[2026-02-04 10:08:36] [INFO] Testing email configuration...
[2026-02-04 10:08:36] [SUCCESS] Found 2 email recipient(s)
[2026-02-04 10:08:36] [INFO] Cleaning up...
[2026-02-04 10:08:36] [INFO] === Face Recognition Monitor Stopped ===
[2026-02-04 10:09:39] [INFO] === Face Recognition Monitor Started ===
[2026-02-04 10:09:39] [INFO] Monitor Version: 2.0 (Stable)
[2026-02-04 10:09:39] [INFO] Start Time: 08:00
[2026-02-04 10:09:39] [INFO] End Time: 14:52
[2026-02-04 10:09:39] [INFO] Worker Script: C:\raihan\dokumen\project\faceRecog\ProjectKnowledgeBase\active\projects\maskRecog\patterns\scripts\1_towerCPU\maskDetect.ps1
[2026-02-04 10:09:39] [INFO] Python Script: C:\raihan\dokumen\project\faceRecog\ProjectKnowledgeBase\active\projects\maskRecog\patterns\algorithm\entry_multi-USED-TowerCPU.py
[2026-02-04 10:09:39] [INFO] Testing email configuration...
[2026-02-04 10:09:39] [SUCCESS] Found 2 email recipient(s)
[2026-02-04 10:09:39] [INFO] Configured languages: Bahasa, English
[2026-02-04 10:09:39] [SUCCESS] Email credential file found and loaded successfully
[2026-02-04 10:09:39] [WARN] WARNING: MailKit assembly not found. Attempting alternative loading methods...
[2026-02-04 10:09:39] [ERROR] ERROR: MailKit is not available. Please install MailKit via NuGet: Install-Package MailKit
[2026-02-04 10:09:39] [ERROR] You can also download MailKit.dll and place it in the script directory
[2026-02-04 10:09:39] [INFO] GMAIL CONFIGURATION NOTES:
[2026-02-04 10:09:39] [INFO] - Using SMTP: smtp.gmail.com:587
[2026-02-04 10:09:39] [INFO] - SSL Enabled: True
[2026-02-04 10:09:39] [INFO] - Make sure you're using an App Password, not your regular password
[2026-02-04 10:09:39] [INFO] - Gmail attachment limit: 25 MB total
[2026-02-04 10:09:39] [ERROR] Email configuration invalid. Emails will not be sent.
[2026-02-04 10:09:39] [DEBUG] No PID tracking file found
[2026-02-04 10:09:39] [DEBUG] Check: 10:09:39 | Window: Active | Python: Stopped
[2026-02-04 10:09:39] [DEBUG] Check: 10:09:39 | Window: Active | Python: Stopped
[2026-02-04 10:09:39] [INFO] Time window active and no Python process running - starting worker...
[2026-02-04 10:09:39] [DEBUG] Searching for Python process...
[2026-02-04 10:09:39] [DEBUG] No Python process found matching criteria
[2026-02-04 10:09:39] [INFO] Starting face recognition worker process...
[2026-02-04 10:09:39] [SUCCESS] Worker process started (PID: 28484)
[2026-02-04 10:09:39] [INFO] Waiting for Python process to start...
[2026-02-04 10:09:39] [DEBUG] Searching for Python process...
[2026-02-04 10:09:39] [DEBUG] No Python process found matching criteria
[2026-02-04 10:09:41] [DEBUG] Searching for Python process...
[2026-02-04 10:09:43] [SUCCESS] Found Python process with our script: PID=15240
[2026-02-04 10:09:43] [SUCCESS] Python process found (PID: 15240)
[2026-02-04 10:09:43] [DEBUG] PID tracking saved: WorkerPID=28484, PythonPID=15240
[2026-02-04 10:09:43] [SUCCESS] Worker started. Monitoring Python process...
[2026-02-04 10:09:58] [DEBUG] Check: 10:09:58 | Window: Active | Python: Running (PID: 15240)
[2026-02-04 10:10:13] [DEBUG] Check: 10:10:13 | Window: Active | Python: Running (PID: 15240)
[2026-02-04 10:10:28] [DEBUG] Check: 10:10:28 | Window: Active | Python: Running (PID: 15240)
[2026-02-04 10:10:43] [DEBUG] Check: 10:10:43 | Window: Active | Python: Running (PID: 15240)
[2026-02-04 10:10:58] [DEBUG] Check: 10:10:58 | Window: Active | Python: Running (PID: 15240)
[2026-02-04 10:11:14] [DEBUG] Check: 10:11:14 | Window: Active | Python: Running (PID: 15240)
[2026-02-04 10:11:29] [DEBUG] Check: 10:11:29 | Window: Active | Python: Running (PID: 15240)
[2026-02-04 10:11:44] [DEBUG] Check: 10:11:44 | Window: Active | Python: Running (PID: 15240)
[2026-02-04 10:11:59] [DEBUG] Check: 10:11:59 | Window: Active | Python: Running (PID: 15240)
[2026-02-04 10:12:14] [DEBUG] Check: 10:12:14 | Window: Active | Python: Running (PID: 15240)
[2026-02-04 10:12:29] [DEBUG] Check: 10:12:29 | Window: Active | Python: Running (PID: 15240)
[2026-02-04 10:12:44] [DEBUG] Check: 10:12:44 | Window: Active | Python: Running (PID: 15240)
[2026-02-04 10:12:59] [DEBUG] Check: 10:12:59 | Window: Active | Python: Running (PID: 15240)
[2026-02-04 10:13:14] [DEBUG] Check: 10:13:14 | Window: Active | Python: Running (PID: 15240)
[2026-02-04 10:13:29] [DEBUG] Check: 10:13:29 | Window: Active | Python: Running (PID: 15240)
[2026-02-04 10:13:44] [DEBUG] Check: 10:13:44 | Window: Active | Python: Running (PID: 15240)
[2026-02-04 10:13:59] [DEBUG] Check: 10:13:59 | Window: Active | Python: Running (PID: 15240)
[2026-02-04 10:14:14] [DEBUG] Check: 10:14:14 | Window: Active | Python: Running (PID: 15240)
[2026-02-04 10:14:29] [DEBUG] Check: 10:14:29 | Window: Active | Python: Running (PID: 15240)
[2026-02-04 10:14:45] [DEBUG] Check: 10:14:45 | Window: Active | Python: Running (PID: 15240)
[2026-02-04 10:15:00] [DEBUG] Check: 10:15:00 | Window: Active | Python: Running (PID: 15240)
[2026-02-04 10:15:15] [DEBUG] Check: 10:15:15 | Window: Active | Python: Running (PID: 15240)
[2026-02-04 10:15:30] [DEBUG] Check: 10:15:30 | Window: Active | Python: Running (PID: 15240)
[2026-02-04 10:15:45] [DEBUG] Check: 10:15:45 | Window: Active | Python: Running (PID: 15240)
[2026-02-04 10:16:00] [DEBUG] Check: 10:16:00 | Window: Active | Python: Running (PID: 15240)
[2026-02-04 10:16:15] [DEBUG] Check: 10:16:15 | Window: Active | Python: Running (PID: 15240)
[2026-02-04 10:16:30] [DEBUG] Check: 10:16:30 | Window: Active | Python: Running (PID: 15240)
[2026-02-04 10:16:45] [DEBUG] Check: 10:16:45 | Window: Active | Python: Running (PID: 15240)
[2026-02-04 10:17:00] [DEBUG] Check: 10:17:00 | Window: Active | Python: Running (PID: 15240)
[2026-02-04 10:17:15] [DEBUG] Check: 10:17:15 | Window: Active | Python: Running (PID: 15240)
[2026-02-04 10:17:31] [DEBUG] Check: 10:17:31 | Window: Active | Python: Running (PID: 15240)
[2026-02-04 10:17:46] [DEBUG] Check: 10:17:46 | Window: Active | Python: Running (PID: 15240)
[2026-02-04 10:18:01] [DEBUG] Check: 10:18:01 | Window: Active | Python: Running (PID: 15240)
[2026-02-04 10:18:16] [DEBUG] Check: 10:18:16 | Window: Active | Python: Running (PID: 15240)
[2026-02-04 10:18:31] [DEBUG] Check: 10:18:31 | Window: Active | Python: Running (PID: 15240)
[2026-02-04 10:18:46] [DEBUG] Check: 10:18:46 | Window: Active | Python: Running (PID: 15240)
[2026-02-04 10:19:01] [DEBUG] Check: 10:19:01 | Window: Active | Python: Running (PID: 15240)
[2026-02-04 10:19:16] [DEBUG] Check: 10:19:16 | Window: Active | Python: Running (PID: 15240)
[2026-02-04 10:19:31] [DEBUG] Check: 10:19:31 | Window: Active | Python: Running (PID: 15240)
[2026-02-04 10:19:46] [DEBUG] Check: 10:19:46 | Window: Active | Python: Running (PID: 15240)
[2026-02-04 10:20:01] [DEBUG] Check: 10:20:01 | Window: Active | Python: Running (PID: 15240)
[2026-02-04 10:20:16] [DEBUG] Check: 10:20:16 | Window: Active | Python: Running (PID: 15240)
[2026-02-04 10:20:31] [DEBUG] Check: 10:20:31 | Window: Active | Python: Running (PID: 15240)
[2026-02-04 10:20:46] [DEBUG] Check: 10:20:46 | Window: Active | Python: Running (PID: 15240)
[2026-02-04 10:21:01] [DEBUG] Check: 10:21:01 | Window: Active | Python: Running (PID: 15240)
[2026-02-04 10:21:16] [DEBUG] Check: 10:21:16 | Window: Active | Python: Running (PID: 15240)
[2026-02-04 10:21:32] [DEBUG] Check: 10:21:32 | Window: Active | Python: Running (PID: 15240)
[2026-02-04 10:21:47] [DEBUG] Check: 10:21:47 | Window: Active | Python: Running (PID: 15240)
[2026-02-04 10:22:02] [DEBUG] Check: 10:22:02 | Window: Active | Python: Running (PID: 15240)
[2026-02-04 10:22:17] [DEBUG] Check: 10:22:17 | Window: Active | Python: Running (PID: 15240)
[2026-02-04 10:22:32] [DEBUG] Check: 10:22:32 | Window: Active | Python: Running (PID: 15240)
[2026-02-04 10:22:47] [DEBUG] Check: 10:22:47 | Window: Active | Python: Running (PID: 15240)
[2026-02-04 10:23:02] [DEBUG] Check: 10:23:02 | Window: Active | Python: Running (PID: 15240)
[2026-02-04 10:23:17] [DEBUG] Check: 10:23:17 | Window: Active | Python: Running (PID: 15240)
[2026-02-04 10:23:32] [DEBUG] Check: 10:23:32 | Window: Active | Python: Running (PID: 15240)
[2026-02-04 10:23:47] [DEBUG] Check: 10:23:47 | Window: Active | Python: Running (PID: 15240)
[2026-02-04 10:24:02] [DEBUG] Check: 10:24:02 | Window: Active | Python: Running (PID: 15240)
[2026-02-04 10:24:17] [DEBUG] Check: 10:24:17 | Window: Active | Python: Running (PID: 15240)
[2026-02-04 10:24:32] [DEBUG] Check: 10:24:32 | Window: Active | Python: Running (PID: 15240)
[2026-02-04 10:24:47] [DEBUG] Check: 10:24:47 | Window: Active | Python: Running (PID: 15240)
[2026-02-04 10:25:02] [DEBUG] Check: 10:25:02 | Window: Active | Python: Running (PID: 15240)
[2026-02-04 10:25:17] [DEBUG] Check: 10:25:17 | Window: Active | Python: Running (PID: 15240)
[2026-02-04 10:25:32] [DEBUG] Check: 10:25:32 | Window: Active | Python: Running (PID: 15240)
[2026-02-04 10:25:48] [DEBUG] Check: 10:25:48 | Window: Active | Python: Running (PID: 15240)
[2026-02-04 10:26:03] [DEBUG] Check: 10:26:03 | Window: Active | Python: Running (PID: 15240)
[2026-02-04 10:26:18] [DEBUG] Check: 10:26:18 | Window: Active | Python: Running (PID: 15240)
[2026-02-04 10:26:33] [DEBUG] Check: 10:26:33 | Window: Active | Python: Running (PID: 15240)
[2026-02-04 10:26:48] [DEBUG] Check: 10:26:48 | Window: Active | Python: Running (PID: 15240)
[2026-02-04 10:27:03] [DEBUG] Check: 10:27:03 | Window: Active | Python: Running (PID: 15240)
[2026-02-04 10:27:18] [DEBUG] Check: 10:27:18 | Window: Active | Python: Running (PID: 15240)
[2026-02-04 10:27:33] [DEBUG] Check: 10:27:33 | Window: Active | Python: Running (PID: 15240)
[2026-02-04 10:27:48] [DEBUG] Check: 10:27:48 | Window: Active | Python: Running (PID: 15240)
[2026-02-04 10:28:03] [DEBUG] Check: 10:28:03 | Window: Active | Python: Running (PID: 15240)
[2026-02-04 10:28:18] [DEBUG] Check: 10:28:18 | Window: Active | Python: Running (PID: 15240)
[2026-02-04 10:28:33] [DEBUG] Check: 10:28:33 | Window: Active | Python: Running (PID: 15240)
[2026-02-04 10:28:48] [DEBUG] Check: 10:28:48 | Window: Active | Python: Running (PID: 15240)
[2026-02-04 10:29:03] [DEBUG] Check: 10:29:03 | Window: Active | Python: Running (PID: 15240)
[2026-02-04 10:29:18] [DEBUG] Check: 10:29:18 | Window: Active | Python: Running (PID: 15240)
[2026-02-04 10:29:33] [DEBUG] Check: 10:29:33 | Window: Active | Python: Running (PID: 15240)
[2026-02-04 10:29:48] [DEBUG] Check: 10:29:48 | Window: Active | Python: Running (PID: 15240)
[2026-02-04 10:30:03] [DEBUG] Check: 10:30:03 | Window: Active | Python: Running (PID: 15240)
[2026-02-04 10:30:18] [DEBUG] Check: 10:30:18 | Window: Active | Python: Running (PID: 15240)
[2026-02-04 10:30:33] [DEBUG] Check: 10:30:33 | Window: Active | Python: Running (PID: 15240)
[2026-02-04 10:30:49] [DEBUG] Check: 10:30:49 | Window: Active | Python: Running (PID: 15240)
[2026-02-04 10:31:04] [DEBUG] Check: 10:31:04 | Window: Active | Python: Running (PID: 15240)
[2026-02-04 10:31:19] [DEBUG] Check: 10:31:19 | Window: Active | Python: Running (PID: 15240)
[2026-02-04 10:31:34] [DEBUG] Check: 10:31:34 | Window: Active | Python: Running (PID: 15240)
[2026-02-04 10:31:49] [DEBUG] Check: 10:31:49 | Window: Active | Python: Running (PID: 15240)
[2026-02-04 10:32:04] [DEBUG] Check: 10:32:04 | Window: Active | Python: Running (PID: 15240)
[2026-02-04 10:32:19] [DEBUG] Check: 10:32:19 | Window: Active | Python: Running (PID: 15240)
[2026-02-04 10:32:34] [DEBUG] Check: 10:32:34 | Window: Active | Python: Running (PID: 15240)
[2026-02-04 10:32:49] [DEBUG] Check: 10:32:49 | Window: Active | Python: Running (PID: 15240)
[2026-02-04 10:33:04] [DEBUG] Check: 10:33:04 | Window: Active | Python: Running (PID: 15240)
[2026-02-04 10:33:19] [DEBUG] Check: 10:33:19 | Window: Active | Python: Running (PID: 15240)
[2026-02-04 10:33:34] [DEBUG] Check: 10:33:34 | Window: Active | Python: Running (PID: 15240)
[2026-02-04 10:33:49] [DEBUG] Check: 10:33:49 | Window: Active | Python: Running (PID: 15240)
[2026-02-04 10:34:04] [DEBUG] Check: 10:34:04 | Window: Active | Python: Running (PID: 15240)
[2026-02-04 10:34:19] [DEBUG] Check: 10:34:19 | Window: Active | Python: Running (PID: 15240)
[2026-02-04 10:34:34] [DEBUG] Check: 10:34:34 | Window: Active | Python: Running (PID: 15240)
[2026-02-04 10:34:49] [DEBUG] Check: 10:34:49 | Window: Active | Python: Running (PID: 15240)
[2026-02-04 10:35:05] [DEBUG] Check: 10:35:05 | Window: Active | Python: Running (PID: 15240)
[2026-02-04 10:35:20] [DEBUG] Check: 10:35:20 | Window: Active | Python: Running (PID: 15240)
[2026-02-04 10:35:35] [DEBUG] Check: 10:35:35 | Window: Active | Python: Running (PID: 15240)
[2026-02-04 10:35:50] [DEBUG] Check: 10:35:50 | Window: Active | Python: Running (PID: 15240)
[2026-02-04 10:36:05] [DEBUG] Check: 10:36:05 | Window: Active | Python: Running (PID: 15240)
[2026-02-04 10:36:20] [DEBUG] Check: 10:36:20 | Window: Active | Python: Running (PID: 15240)
[2026-02-04 10:36:35] [DEBUG] Check: 10:36:35 | Window: Active | Python: Running (PID: 15240)
[2026-02-04 10:36:50] [DEBUG] Check: 10:36:50 | Window: Active | Python: Running (PID: 15240)
[2026-02-04 10:37:05] [DEBUG] Check: 10:37:05 | Window: Active | Python: Running (PID: 15240)
[2026-02-04 10:37:20] [DEBUG] Check: 10:37:20 | Window: Active | Python: Running (PID: 15240)
[2026-02-04 10:37:35] [DEBUG] Check: 10:37:35 | Window: Active | Python: Running (PID: 15240)
[2026-02-04 10:37:50] [DEBUG] Check: 10:37:50 | Window: Active | Python: Running (PID: 15240)
[2026-02-04 10:38:06] [DEBUG] Check: 10:38:06 | Window: Active | Python: Running (PID: 15240)
[2026-02-04 10:38:21] [DEBUG] Check: 10:38:21 | Window: Active | Python: Running (PID: 15240)
[2026-02-04 10:38:36] [DEBUG] Check: 10:38:36 | Window: Active | Python: Running (PID: 15240)
[2026-02-04 10:38:51] [DEBUG] Check: 10:38:51 | Window: Active | Python: Running (PID: 15240)
[2026-02-04 10:39:06] [DEBUG] Check: 10:39:06 | Window: Active | Python: Running (PID: 15240)
[2026-02-04 10:39:21] [DEBUG] Check: 10:39:21 | Window: Active | Python: Running (PID: 15240)
[2026-02-04 10:39:36] [DEBUG] Check: 10:39:36 | Window: Active | Python: Running (PID: 15240)
[2026-02-04 10:39:51] [DEBUG] Check: 10:39:51 | Window: Active | Python: Running (PID: 15240)
[2026-02-04 10:40:06] [DEBUG] Check: 10:40:06 | Window: Active | Python: Running (PID: 15240)
[2026-02-04 10:40:21] [DEBUG] Check: 10:40:21 | Window: Active | Python: Running (PID: 15240)
[2026-02-04 10:40:36] [DEBUG] Check: 10:40:36 | Window: Active | Python: Running (PID: 15240)
[2026-02-04 10:40:51] [DEBUG] Check: 10:40:51 | Window: Active | Python: Running (PID: 15240)
[2026-02-04 10:41:06] [DEBUG] Check: 10:41:06 | Window: Active | Python: Running (PID: 15240)
[2026-02-04 10:41:22] [DEBUG] Check: 10:41:22 | Window: Active | Python: Running (PID: 15240)
[2026-02-04 10:41:37] [DEBUG] Check: 10:41:37 | Window: Active | Python: Running (PID: 15240)
[2026-02-04 10:41:52] [DEBUG] Check: 10:41:52 | Window: Active | Python: Running (PID: 15240)
[2026-02-04 10:42:07] [DEBUG] Check: 10:42:07 | Window: Active | Python: Running (PID: 15240)
[2026-02-04 10:42:22] [DEBUG] Check: 10:42:22 | Window: Active | Python: Running (PID: 15240)
[2026-02-04 10:42:37] [DEBUG] Check: 10:42:37 | Window: Active | Python: Running (PID: 15240)
[2026-02-04 10:42:53] [DEBUG] Check: 10:42:53 | Window: Active | Python: Running (PID: 15240)
[2026-02-04 10:43:08] [DEBUG] Check: 10:43:08 | Window: Active | Python: Running (PID: 15240)
[2026-02-04 10:43:23] [DEBUG] Check: 10:43:23 | Window: Active | Python: Running (PID: 15240)
[2026-02-04 10:43:38] [DEBUG] Check: 10:43:38 | Window: Active | Python: Running (PID: 15240)
[2026-02-04 10:43:53] [DEBUG] Check: 10:43:53 | Window: Active | Python: Running (PID: 15240)
[2026-02-04 10:44:08] [DEBUG] Check: 10:44:08 | Window: Active | Python: Running (PID: 15240)
[2026-02-04 10:44:23] [DEBUG] Check: 10:44:23 | Window: Active | Python: Running (PID: 15240)
[2026-02-04 10:44:38] [DEBUG] Check: 10:44:38 | Window: Active | Python: Running (PID: 15240)
[2026-02-04 10:44:53] [DEBUG] Check: 10:44:53 | Window: Active | Python: Running (PID: 15240)
[2026-02-04 10:45:08] [DEBUG] Check: 10:45:08 | Window: Active | Python: Running (PID: 15240)
[2026-02-04 10:45:23] [DEBUG] Check: 10:45:23 | Window: Active | Python: Running (PID: 15240)
[2026-02-04 10:45:38] [DEBUG] Check: 10:45:38 | Window: Active | Python: Running (PID: 15240)
[2026-02-04 10:45:53] [DEBUG] Check: 10:45:53 | Window: Active | Python: Running (PID: 15240)
[2026-02-04 10:46:08] [DEBUG] Check: 10:46:08 | Window: Active | Python: Running (PID: 15240)
[2026-02-04 10:46:23] [DEBUG] Check: 10:46:23 | Window: Active | Python: Running (PID: 15240)
[2026-02-04 10:46:38] [DEBUG] Check: 10:46:38 | Window: Active | Python: Running (PID: 15240)
[2026-02-04 10:46:54] [DEBUG] Check: 10:46:54 | Window: Active | Python: Running (PID: 15240)
[2026-02-04 10:47:09] [DEBUG] Check: 10:47:09 | Window: Active | Python: Running (PID: 15240)
[2026-02-04 10:47:24] [DEBUG] Check: 10:47:24 | Window: Active | Python: Running (PID: 15240)
[2026-02-04 10:47:39] [DEBUG] Check: 10:47:39 | Window: Active | Python: Running (PID: 15240)
[2026-02-04 10:47:54] [DEBUG] Check: 10:47:54 | Window: Active | Python: Running (PID: 15240)
[2026-02-04 10:48:09] [DEBUG] Check: 10:48:09 | Window: Active | Python: Running (PID: 15240)
[2026-02-04 10:48:24] [DEBUG] Check: 10:48:24 | Window: Active | Python: Running (PID: 15240)
[2026-02-04 10:48:39] [DEBUG] Check: 10:48:39 | Window: Active | Python: Running (PID: 15240)
[2026-02-04 10:48:54] [DEBUG] Check: 10:48:54 | Window: Active | Python: Running (PID: 15240)
[2026-02-04 10:49:09] [DEBUG] Check: 10:49:09 | Window: Active | Python: Running (PID: 15240)
[2026-02-04 10:49:24] [DEBUG] Check: 10:49:24 | Window: Active | Python: Running (PID: 15240)
[2026-02-04 10:49:39] [DEBUG] Check: 10:49:39 | Window: Active | Python: Running (PID: 15240)
[2026-02-04 10:49:54] [DEBUG] Check: 10:49:54 | Window: Active | Python: Running (PID: 15240)
[2026-02-04 10:50:09] [DEBUG] Check: 10:50:09 | Window: Active | Python: Running (PID: 15240)
[2026-02-04 10:50:24] [DEBUG] Check: 10:50:24 | Window: Active | Python: Running (PID: 15240)
[2026-02-04 10:50:39] [DEBUG] Check: 10:50:39 | Window: Active | Python: Running (PID: 15240)
[2026-02-04 10:50:54] [DEBUG] Check: 10:50:54 | Window: Active | Python: Running (PID: 15240)
[2026-02-04 10:51:09] [DEBUG] Check: 10:51:09 | Window: Active | Python: Running (PID: 15240)
[2026-02-04 10:51:25] [DEBUG] Check: 10:51:25 | Window: Active | Python: Running (PID: 15240)
[2026-02-04 10:51:40] [DEBUG] Check: 10:51:40 | Window: Active | Python: Running (PID: 15240)
[2026-02-04 10:51:55] [DEBUG] Check: 10:51:55 | Window: Active | Python: Running (PID: 15240)
[2026-02-04 10:52:10] [DEBUG] Check: 10:52:10 | Window: Active | Python: Running (PID: 15240)
[2026-02-04 10:52:25] [DEBUG] Check: 10:52:25 | Window: Active | Python: Running (PID: 15240)
[2026-02-04 10:52:40] [DEBUG] Check: 10:52:40 | Window: Active | Python: Running (PID: 15240)
[2026-02-04 10:52:55] [DEBUG] Check: 10:52:55 | Window: Active | Python: Running (PID: 15240)
[2026-02-04 10:53:10] [DEBUG] Check: 10:53:10 | Window: Active | Python: Running (PID: 15240)
[2026-02-04 10:53:25] [DEBUG] Check: 10:53:25 | Window: Active | Python: Running (PID: 15240)
[2026-02-04 10:53:40] [DEBUG] Check: 10:53:40 | Window: Active | Python: Running (PID: 15240)
[2026-02-04 10:53:55] [DEBUG] Check: 10:53:55 | Window: Active | Python: Running (PID: 15240)
[2026-02-04 10:54:10] [DEBUG] Check: 10:54:10 | Window: Active | Python: Running (PID: 15240)
[2026-02-04 10:54:25] [DEBUG] Check: 10:54:25 | Window: Active | Python: Running (PID: 15240)
[2026-02-04 10:54:40] [DEBUG] Check: 10:54:40 | Window: Active | Python: Running (PID: 15240)
[2026-02-04 10:54:56] [DEBUG] Check: 10:54:56 | Window: Active | Python: Running (PID: 15240)
[2026-02-04 10:55:11] [DEBUG] Check: 10:55:11 | Window: Active | Python: Running (PID: 15240)
[2026-02-04 10:55:26] [DEBUG] Check: 10:55:26 | Window: Active | Python: Running (PID: 15240)
[2026-02-04 10:55:41] [DEBUG] Check: 10:55:41 | Window: Active | Python: Running (PID: 15240)
[2026-02-04 10:55:56] [DEBUG] Check: 10:55:56 | Window: Active | Python: Running (PID: 15240)
[2026-02-04 10:56:11] [DEBUG] Check: 10:56:11 | Window: Active | Python: Running (PID: 15240)
[2026-02-04 10:56:26] [DEBUG] Check: 10:56:26 | Window: Active | Python: Running (PID: 15240)
[2026-02-04 10:56:41] [DEBUG] Check: 10:56:41 | Window: Active | Python: Running (PID: 15240)
[2026-02-04 10:56:56] [DEBUG] Check: 10:56:56 | Window: Active | Python: Running (PID: 15240)
[2026-02-04 10:57:11] [DEBUG] Check: 10:57:11 | Window: Active | Python: Running (PID: 15240)
[2026-02-04 10:57:26] [DEBUG] Check: 10:57:26 | Window: Active | Python: Running (PID: 15240)
[2026-02-04 10:57:41] [DEBUG] Check: 10:57:41 | Window: Active | Python: Running (PID: 15240)
[2026-02-04 10:57:56] [DEBUG] Check: 10:57:56 | Window: Active | Python: Running (PID: 15240)
[2026-02-04 10:58:11] [DEBUG] Check: 10:58:11 | Window: Active | Python: Running (PID: 15240)
[2026-02-04 10:58:26] [DEBUG] Check: 10:58:26 | Window: Active | Python: Running (PID: 15240)
[2026-02-04 10:58:41] [DEBUG] Check: 10:58:41 | Window: Active | Python: Running (PID: 15240)
[2026-02-04 10:58:56] [DEBUG] Check: 10:58:56 | Window: Active | Python: Running (PID: 15240)
[2026-02-04 10:59:12] [DEBUG] Check: 10:59:12 | Window: Active | Python: Running (PID: 15240)
[2026-02-04 10:59:27] [DEBUG] Check: 10:59:27 | Window: Active | Python: Running (PID: 15240)
[2026-02-04 10:59:42] [DEBUG] Check: 10:59:42 | Window: Active | Python: Running (PID: 15240)
[2026-02-04 10:59:57] [DEBUG] Check: 10:59:57 | Window: Active | Python: Running (PID: 15240)
[2026-02-04 11:00:12] [DEBUG] Check: 11:00:12 | Window: Active | Python: Running (PID: 15240)
[2026-02-04 11:00:27] [DEBUG] Check: 11:00:27 | Window: Active | Python: Running (PID: 15240)
[2026-02-04 11:00:42] [DEBUG] Check: 11:00:42 | Window: Active | Python: Running (PID: 15240)
[2026-02-04 11:00:57] [DEBUG] Check: 11:00:57 | Window: Active | Python: Running (PID: 15240)
[2026-02-04 11:01:12] [DEBUG] Check: 11:01:12 | Window: Active | Python: Running (PID: 15240)
[2026-02-04 11:01:27] [DEBUG] Check: 11:01:27 | Window: Active | Python: Running (PID: 15240)
[2026-02-04 11:01:42] [DEBUG] Check: 11:01:42 | Window: Active | Python: Running (PID: 15240)
[2026-02-04 11:01:57] [DEBUG] Check: 11:01:57 | Window: Active | Python: Running (PID: 15240)
[2026-02-04 11:02:12] [DEBUG] Check: 11:02:12 | Window: Active | Python: Running (PID: 15240)
[2026-02-04 11:02:27] [DEBUG] Check: 11:02:27 | Window: Active | Python: Running (PID: 15240)
[2026-02-04 11:02:42] [DEBUG] Check: 11:02:42 | Window: Active | Python: Running (PID: 15240)
[2026-02-04 11:02:57] [DEBUG] Check: 11:02:57 | Window: Active | Python: Running (PID: 15240)
[2026-02-04 11:03:12] [DEBUG] Check: 11:03:12 | Window: Active | Python: Running (PID: 15240)
[2026-02-04 11:03:27] [DEBUG] Check: 11:03:27 | Window: Active | Python: Running (PID: 15240)
[2026-02-04 11:03:43] [DEBUG] Check: 11:03:43 | Window: Active | Python: Running (PID: 15240)
[2026-02-04 11:03:58] [DEBUG] Check: 11:03:58 | Window: Active | Python: Running (PID: 15240)
[2026-02-04 11:04:13] [DEBUG] Check: 11:04:13 | Window: Active | Python: Running (PID: 15240)
[2026-02-04 11:04:28] [DEBUG] Check: 11:04:28 | Window: Active | Python: Running (PID: 15240)
[2026-02-04 11:04:43] [DEBUG] Check: 11:04:43 | Window: Active | Python: Running (PID: 15240)
[2026-02-04 11:04:58] [DEBUG] Check: 11:04:58 | Window: Active | Python: Running (PID: 15240)
[2026-02-04 11:05:13] [DEBUG] Check: 11:05:13 | Window: Active | Python: Running (PID: 15240)
[2026-02-04 11:05:28] [DEBUG] Check: 11:05:28 | Window: Active | Python: Running (PID: 15240)
[2026-02-04 11:05:43] [DEBUG] Check: 11:05:43 | Window: Active | Python: Running (PID: 15240)
[2026-02-04 11:05:58] [DEBUG] Check: 11:05:58 | Window: Active | Python: Running (PID: 15240)
[2026-02-04 11:06:13] [DEBUG] Check: 11:06:13 | Window: Active | Python: Running (PID: 15240)
[2026-02-04 11:06:28] [DEBUG] Check: 11:06:28 | Window: Active | Python: Running (PID: 15240)
[2026-02-04 11:06:43] [DEBUG] Check: 11:06:43 | Window: Active | Python: Running (PID: 15240)
[2026-02-04 11:06:58] [DEBUG] Check: 11:06:58 | Window: Active | Python: Running (PID: 15240)
[2026-02-04 11:07:13] [DEBUG] Check: 11:07:13 | Window: Active | Python: Running (PID: 15240)
[2026-02-04 11:07:28] [DEBUG] Check: 11:07:28 | Window: Active | Python: Running (PID: 15240)
[2026-02-04 11:07:43] [DEBUG] Check: 11:07:43 | Window: Active | Python: Running (PID: 15240)
[2026-02-04 11:07:58] [DEBUG] Check: 11:07:58 | Window: Active | Python: Running (PID: 15240)
[2026-02-04 11:08:13] [DEBUG] Check: 11:08:13 | Window: Active | Python: Running (PID: 15240)
[2026-02-04 11:08:28] [DEBUG] Check: 11:08:28 | Window: Active | Python: Running (PID: 15240)
[2026-02-04 11:08:44] [DEBUG] Check: 11:08:44 | Window: Active | Python: Running (PID: 15240)
[2026-02-04 11:08:59] [DEBUG] Check: 11:08:59 | Window: Active | Python: Running (PID: 15240)
[2026-02-04 11:09:14] [DEBUG] Check: 11:09:14 | Window: Active | Python: Running (PID: 15240)
[2026-02-04 11:09:29] [DEBUG] Check: 11:09:29 | Window: Active | Python: Running (PID: 15240)
[2026-02-04 11:09:44] [DEBUG] Check: 11:09:44 | Window: Active | Python: Running (PID: 15240)
[2026-02-04 11:09:59] [DEBUG] Check: 11:09:59 | Window: Active | Python: Running (PID: 15240)
[2026-02-04 11:10:14] [DEBUG] Check: 11:10:14 | Window: Active | Python: Running (PID: 15240)
[2026-02-04 11:10:29] [DEBUG] Check: 11:10:29 | Window: Active | Python: Running (PID: 15240)
[2026-02-04 11:10:44] [DEBUG] Check: 11:10:44 | Window: Active | Python: Running (PID: 15240)
[2026-02-04 11:10:59] [DEBUG] Check: 11:10:59 | Window: Active | Python: Running (PID: 15240)
[2026-02-04 11:11:14] [DEBUG] Check: 11:11:14 | Window: Active | Python: Running (PID: 15240)
[2026-02-04 11:11:29] [DEBUG] Check: 11:11:29 | Window: Active | Python: Running (PID: 15240)
[2026-02-04 11:11:44] [DEBUG] Check: 11:11:44 | Window: Active | Python: Running (PID: 15240)
[2026-02-04 11:11:59] [DEBUG] Check: 11:11:59 | Window: Active | Python: Running (PID: 15240)
[2026-02-04 11:12:15] [DEBUG] Check: 11:12:15 | Window: Active | Python: Running (PID: 15240)
[2026-02-04 11:12:30] [DEBUG] Check: 11:12:30 | Window: Active | Python: Running (PID: 15240)
[2026-02-04 11:12:45] [DEBUG] Check: 11:12:45 | Window: Active | Python: Running (PID: 15240)
[2026-02-04 11:13:00] [DEBUG] Check: 11:13:00 | Window: Active | Python: Running (PID: 15240)
[2026-02-04 11:13:15] [DEBUG] Check: 11:13:15 | Window: Active | Python: Running (PID: 15240)
[2026-02-04 11:13:30] [DEBUG] Check: 11:13:30 | Window: Active | Python: Running (PID: 15240)
[2026-02-04 11:13:45] [DEBUG] Check: 11:13:45 | Window: Active | Python: Running (PID: 15240)
[2026-02-04 11:14:00] [DEBUG] Check: 11:14:00 | Window: Active | Python: Running (PID: 15240)
[2026-02-04 11:14:15] [DEBUG] Check: 11:14:15 | Window: Active | Python: Running (PID: 15240)
[2026-02-04 11:14:30] [DEBUG] Check: 11:14:30 | Window: Active | Python: Running (PID: 15240)
[2026-02-04 11:14:46] [DEBUG] Check: 11:14:46 | Window: Active | Python: Running (PID: 15240)
[2026-02-04 11:15:01] [DEBUG] Check: 11:15:01 | Window: Active | Python: Running (PID: 15240)
[2026-02-04 11:15:16] [DEBUG] Check: 11:15:16 | Window: Active | Python: Running (PID: 15240)
[2026-02-04 11:15:31] [DEBUG] Check: 11:15:31 | Window: Active | Python: Running (PID: 15240)
[2026-02-04 11:15:46] [DEBUG] Check: 11:15:46 | Window: Active | Python: Running (PID: 15240)
[2026-02-04 11:16:01] [DEBUG] Check: 11:16:01 | Window: Active | Python: Running (PID: 15240)
[2026-02-04 11:16:16] [DEBUG] Check: 11:16:16 | Window: Active | Python: Running (PID: 15240)
[2026-02-04 11:16:31] [DEBUG] Check: 11:16:31 | Window: Active | Python: Running (PID: 15240)
[2026-02-04 11:16:46] [DEBUG] Check: 11:16:46 | Window: Active | Python: Running (PID: 15240)
[2026-02-04 11:17:01] [DEBUG] Check: 11:17:01 | Window: Active | Python: Running (PID: 15240)
[2026-02-04 11:17:16] [DEBUG] Check: 11:17:16 | Window: Active | Python: Running (PID: 15240)
[2026-02-04 11:17:31] [DEBUG] Check: 11:17:31 | Window: Active | Python: Running (PID: 15240)
[2026-02-04 11:17:47] [DEBUG] Check: 11:17:47 | Window: Active | Python: Running (PID: 15240)
[2026-02-04 11:18:02] [DEBUG] Check: 11:18:02 | Window: Active | Python: Running (PID: 15240)
[2026-02-04 11:18:17] [DEBUG] Check: 11:18:17 | Window: Active | Python: Running (PID: 15240)
[2026-02-04 11:18:32] [DEBUG] Check: 11:18:32 | Window: Active | Python: Running (PID: 15240)
[2026-02-04 11:18:47] [DEBUG] Check: 11:18:47 | Window: Active | Python: Running (PID: 15240)
[2026-02-04 11:19:02] [DEBUG] Check: 11:19:02 | Window: Active | Python: Running (PID: 15240)
[2026-02-04 11:19:17] [DEBUG] Check: 11:19:17 | Window: Active | Python: Running (PID: 15240)
[2026-02-04 11:19:32] [DEBUG] Check: 11:19:32 | Window: Active | Python: Running (PID: 15240)
[2026-02-04 11:19:47] [DEBUG] Check: 11:19:47 | Window: Active | Python: Running (PID: 15240)
[2026-02-04 11:20:03] [DEBUG] Check: 11:20:03 | Window: Active | Python: Running (PID: 15240)
[2026-02-04 11:20:18] [DEBUG] Check: 11:20:18 | Window: Active | Python: Running (PID: 15240)
[2026-02-04 11:20:33] [DEBUG] Check: 11:20:33 | Window: Active | Python: Running (PID: 15240)
[2026-02-04 11:20:48] [DEBUG] Check: 11:20:48 | Window: Active | Python: Running (PID: 15240)
[2026-02-04 11:21:03] [DEBUG] Check: 11:21:03 | Window: Active | Python: Running (PID: 15240)
[2026-02-04 11:21:18] [DEBUG] Check: 11:21:18 | Window: Active | Python: Running (PID: 15240)
[2026-02-04 11:21:33] [DEBUG] Check: 11:21:33 | Window: Active | Python: Running (PID: 15240)
[2026-02-04 11:21:48] [DEBUG] Check: 11:21:48 | Window: Active | Python: Running (PID: 15240)
[2026-02-04 11:22:03] [DEBUG] Check: 11:22:03 | Window: Active | Python: Running (PID: 15240)
[2026-02-04 11:22:18] [DEBUG] Check: 11:22:18 | Window: Active | Python: Running (PID: 15240)
[2026-02-04 11:22:34] [DEBUG] Check: 11:22:34 | Window: Active | Python: Running (PID: 15240)
[2026-02-04 11:22:49] [DEBUG] Check: 11:22:49 | Window: Active | Python: Running (PID: 15240)
[2026-02-04 11:23:04] [DEBUG] Check: 11:23:04 | Window: Active | Python: Running (PID: 15240)
[2026-02-04 11:23:19] [DEBUG] Check: 11:23:19 | Window: Active | Python: Running (PID: 15240)
[2026-02-04 11:23:34] [DEBUG] Check: 11:23:34 | Window: Active | Python: Running (PID: 15240)
[2026-02-04 11:23:49] [DEBUG] Check: 11:23:49 | Window: Active | Python: Running (PID: 15240)
[2026-02-04 11:24:04] [DEBUG] Check: 11:24:04 | Window: Active | Python: Running (PID: 15240)
[2026-02-04 11:24:19] [DEBUG] Check: 11:24:19 | Window: Active | Python: Running (PID: 15240)
[2026-02-04 11:24:34] [DEBUG] Check: 11:24:34 | Window: Active | Python: Running (PID: 15240)
[2026-02-04 11:24:49] [DEBUG] Check: 11:24:49 | Window: Active | Python: Running (PID: 15240)
[2026-02-04 11:25:04] [DEBUG] Check: 11:25:04 | Window: Active | Python: Running (PID: 15240)
[2026-02-04 11:25:19] [DEBUG] Check: 11:25:19 | Window: Active | Python: Running (PID: 15240)
[2026-02-04 11:25:35] [DEBUG] Check: 11:25:35 | Window: Active | Python: Running (PID: 15240)
[2026-02-04 11:25:50] [DEBUG] Check: 11:25:50 | Window: Active | Python: Running (PID: 15240)
[2026-02-04 11:26:05] [DEBUG] Check: 11:26:05 | Window: Active | Python: Running (PID: 15240)
[2026-02-04 11:26:20] [DEBUG] Check: 11:26:20 | Window: Active | Python: Running (PID: 15240)
[2026-02-04 11:26:35] [DEBUG] Check: 11:26:35 | Window: Active | Python: Running (PID: 15240)
[2026-02-04 11:26:50] [DEBUG] Check: 11:26:50 | Window: Active | Python: Running (PID: 15240)
[2026-02-04 11:27:05] [DEBUG] Check: 11:27:05 | Window: Active | Python: Running (PID: 15240)
[2026-02-04 11:27:20] [DEBUG] Check: 11:27:20 | Window: Active | Python: Running (PID: 15240)
[2026-02-04 11:27:35] [DEBUG] Check: 11:27:35 | Window: Active | Python: Running (PID: 15240)
[2026-02-04 11:27:51] [DEBUG] Check: 11:27:51 | Window: Active | Python: Running (PID: 15240)
[2026-02-04 11:28:06] [DEBUG] Check: 11:28:06 | Window: Active | Python: Running (PID: 15240)
[2026-02-04 11:28:21] [DEBUG] Check: 11:28:21 | Window: Active | Python: Running (PID: 15240)
[2026-02-04 11:28:36] [DEBUG] Check: 11:28:36 | Window: Active | Python: Running (PID: 15240)
[2026-02-04 11:28:51] [DEBUG] Check: 11:28:51 | Window: Active | Python: Running (PID: 15240)
[2026-02-04 11:29:06] [DEBUG] Check: 11:29:06 | Window: Active | Python: Running (PID: 15240)
[2026-02-04 11:29:21] [DEBUG] Check: 11:29:21 | Window: Active | Python: Running (PID: 15240)
[2026-02-04 11:29:36] [DEBUG] Check: 11:29:36 | Window: Active | Python: Running (PID: 15240)
[2026-02-04 11:29:51] [DEBUG] Check: 11:29:51 | Window: Active | Python: Running (PID: 15240)
[2026-02-04 11:30:06] [DEBUG] Check: 11:30:06 | Window: Active | Python: Running (PID: 15240)
[2026-02-04 11:30:21] [DEBUG] Check: 11:30:21 | Window: Active | Python: Running (PID: 15240)
[2026-02-04 11:30:37] [DEBUG] Check: 11:30:37 | Window: Active | Python: Running (PID: 15240)
[2026-02-04 11:30:52] [DEBUG] Check: 11:30:52 | Window: Active | Python: Running (PID: 15240)
[2026-02-04 11:31:07] [DEBUG] Check: 11:31:07 | Window: Active | Python: Running (PID: 15240)
[2026-02-04 11:31:22] [DEBUG] Check: 11:31:22 | Window: Active | Python: Running (PID: 15240)
[2026-02-04 11:31:37] [DEBUG] Check: 11:31:37 | Window: Active | Python: Running (PID: 15240)
[2026-02-04 11:31:52] [DEBUG] Check: 11:31:52 | Window: Active | Python: Running (PID: 15240)
[2026-02-04 11:32:07] [DEBUG] Check: 11:32:07 | Window: Active | Python: Running (PID: 15240)
[2026-02-04 11:32:22] [DEBUG] Check: 11:32:22 | Window: Active | Python: Running (PID: 15240)
[2026-02-04 11:32:37] [DEBUG] Check: 11:32:37 | Window: Active | Python: Running (PID: 15240)
[2026-02-04 11:32:52] [DEBUG] Check: 11:32:52 | Window: Active | Python: Running (PID: 15240)
[2026-02-04 11:33:07] [DEBUG] Check: 11:33:07 | Window: Active | Python: Running (PID: 15240)
[2026-02-04 11:33:22] [DEBUG] Check: 11:33:22 | Window: Active | Python: Running (PID: 15240)
[2026-02-04 11:33:38] [DEBUG] Check: 11:33:38 | Window: Active | Python: Running (PID: 15240)
[2026-02-04 11:33:53] [DEBUG] Check: 11:33:53 | Window: Active | Python: Running (PID: 15240)
[2026-02-04 11:34:08] [DEBUG] Check: 11:34:08 | Window: Active | Python: Running (PID: 15240)
[2026-02-04 11:34:23] [DEBUG] Check: 11:34:23 | Window: Active | Python: Running (PID: 15240)
[2026-02-04 11:34:38] [DEBUG] Check: 11:34:38 | Window: Active | Python: Running (PID: 15240)
[2026-02-04 11:34:53] [DEBUG] Check: 11:34:53 | Window: Active | Python: Running (PID: 15240)
[2026-02-04 11:35:08] [DEBUG] Check: 11:35:08 | Window: Active | Python: Running (PID: 15240)
[2026-02-04 11:35:23] [DEBUG] Check: 11:35:23 | Window: Active | Python: Running (PID: 15240)
[2026-02-04 11:35:38] [DEBUG] Check: 11:35:38 | Window: Active | Python: Running (PID: 15240)
[2026-02-04 11:35:53] [DEBUG] Check: 11:35:53 | Window: Active | Python: Running (PID: 15240)
[2026-02-04 11:36:08] [DEBUG] Check: 11:36:08 | Window: Active | Python: Running (PID: 15240)
[2026-02-04 11:36:23] [DEBUG] Check: 11:36:23 | Window: Active | Python: Running (PID: 15240)
[2026-02-04 11:36:39] [DEBUG] Check: 11:36:39 | Window: Active | Python: Running (PID: 15240)
[2026-02-04 11:36:54] [DEBUG] Check: 11:36:54 | Window: Active | Python: Running (PID: 15240)
[2026-02-04 11:37:09] [DEBUG] Check: 11:37:09 | Window: Active | Python: Running (PID: 15240)
[2026-02-04 11:37:24] [DEBUG] Check: 11:37:24 | Window: Active | Python: Running (PID: 15240)
[2026-02-04 11:37:39] [DEBUG] Check: 11:37:39 | Window: Active | Python: Running (PID: 15240)
[2026-02-04 11:37:54] [DEBUG] Check: 11:37:54 | Window: Active | Python: Running (PID: 15240)
[2026-02-04 11:38:09] [DEBUG] Check: 11:38:09 | Window: Active | Python: Running (PID: 15240)
[2026-02-04 11:38:24] [DEBUG] Check: 11:38:24 | Window: Active | Python: Running (PID: 15240)
[2026-02-04 11:38:39] [DEBUG] Check: 11:38:39 | Window: Active | Python: Running (PID: 15240)
[2026-02-04 11:38:54] [DEBUG] Check: 11:38:54 | Window: Active | Python: Running (PID: 15240)
[2026-02-04 11:39:09] [DEBUG] Check: 11:39:09 | Window: Active | Python: Running (PID: 15240)
[2026-02-04 11:39:25] [DEBUG] Check: 11:39:25 | Window: Active | Python: Running (PID: 15240)
[2026-02-04 11:39:40] [DEBUG] Check: 11:39:40 | Window: Active | Python: Running (PID: 15240)
[2026-02-04 11:39:55] [DEBUG] Check: 11:39:55 | Window: Active | Python: Running (PID: 15240)
[2026-02-04 11:40:10] [DEBUG] Check: 11:40:10 | Window: Active | Python: Running (PID: 15240)
[2026-02-04 11:40:25] [DEBUG] Check: 11:40:25 | Window: Active | Python: Running (PID: 15240)
[2026-02-04 11:40:40] [DEBUG] Check: 11:40:40 | Window: Active | Python: Running (PID: 15240)
[2026-02-04 11:40:55] [DEBUG] Check: 11:40:55 | Window: Active | Python: Running (PID: 15240)
[2026-02-04 11:41:10] [DEBUG] Check: 11:41:10 | Window: Active | Python: Running (PID: 15240)
[2026-02-04 11:41:25] [DEBUG] Check: 11:41:25 | Window: Active | Python: Running (PID: 15240)
[2026-02-04 11:41:41] [DEBUG] Check: 11:41:41 | Window: Active | Python: Running (PID: 15240)
[2026-02-04 11:41:56] [DEBUG] Check: 11:41:56 | Window: Active | Python: Running (PID: 15240)
[2026-02-04 11:42:11] [DEBUG] Check: 11:42:11 | Window: Active | Python: Running (PID: 15240)
[2026-02-04 11:42:26] [DEBUG] Check: 11:42:26 | Window: Active | Python: Running (PID: 15240)
[2026-02-04 11:42:41] [DEBUG] Check: 11:42:41 | Window: Active | Python: Running (PID: 15240)
[2026-02-04 11:42:56] [DEBUG] Check: 11:42:56 | Window: Active | Python: Running (PID: 15240)
[2026-02-04 11:43:11] [DEBUG] Check: 11:43:11 | Window: Active | Python: Running (PID: 15240)
[2026-02-04 11:43:26] [DEBUG] Check: 11:43:26 | Window: Active | Python: Running (PID: 15240)
[2026-02-04 11:43:42] [DEBUG] Check: 11:43:42 | Window: Active | Python: Running (PID: 15240)
[2026-02-04 11:43:57] [DEBUG] Check: 11:43:57 | Window: Active | Python: Running (PID: 15240)
[2026-02-04 11:44:12] [DEBUG] Check: 11:44:12 | Window: Active | Python: Running (PID: 15240)
[2026-02-04 11:44:27] [DEBUG] Check: 11:44:27 | Window: Active | Python: Running (PID: 15240)
[2026-02-04 11:44:42] [DEBUG] Check: 11:44:42 | Window: Active | Python: Running (PID: 15240)
[2026-02-04 11:44:57] [DEBUG] Check: 11:44:57 | Window: Active | Python: Running (PID: 15240)
[2026-02-04 11:45:12] [DEBUG] Check: 11:45:12 | Window: Active | Python: Running (PID: 15240)
[2026-02-04 11:45:28] [DEBUG] Check: 11:45:28 | Window: Active | Python: Running (PID: 15240)
[2026-02-04 11:45:43] [DEBUG] Check: 11:45:43 | Window: Active | Python: Running (PID: 15240)
[2026-02-04 11:45:58] [DEBUG] Check: 11:45:58 | Window: Active | Python: Running (PID: 15240)
[2026-02-04 11:46:13] [DEBUG] Check: 11:46:13 | Window: Active | Python: Running (PID: 15240)
[2026-02-04 11:46:28] [DEBUG] Check: 11:46:28 | Window: Active | Python: Running (PID: 15240)
[2026-02-04 11:46:43] [DEBUG] Check: 11:46:43 | Window: Active | Python: Running (PID: 15240)
[2026-02-04 11:46:58] [DEBUG] Check: 11:46:58 | Window: Active | Python: Running (PID: 15240)
[2026-02-04 11:47:13] [DEBUG] Check: 11:47:13 | Window: Active | Python: Running (PID: 15240)
[2026-02-04 11:47:28] [DEBUG] Check: 11:47:28 | Window: Active | Python: Running (PID: 15240)
[2026-02-04 11:47:43] [DEBUG] Check: 11:47:43 | Window: Active | Python: Running (PID: 15240)
[2026-02-04 11:47:58] [DEBUG] Check: 11:47:58 | Window: Active | Python: Running (PID: 15240)
[2026-02-04 11:48:14] [DEBUG] Check: 11:48:14 | Window: Active | Python: Running (PID: 15240)
[2026-02-04 11:48:29] [DEBUG] Check: 11:48:29 | Window: Active | Python: Running (PID: 15240)
[2026-02-04 11:48:44] [DEBUG] Check: 11:48:44 | Window: Active | Python: Running (PID: 15240)
[2026-02-04 11:48:59] [DEBUG] Check: 11:48:59 | Window: Active | Python: Running (PID: 15240)
[2026-02-04 11:49:14] [DEBUG] Check: 11:49:14 | Window: Active | Python: Running (PID: 15240)
[2026-02-04 11:49:29] [DEBUG] Check: 11:49:29 | Window: Active | Python: Running (PID: 15240)
[2026-02-04 11:49:44] [DEBUG] Check: 11:49:44 | Window: Active | Python: Running (PID: 15240)
[2026-02-04 11:50:00] [DEBUG] Check: 11:50:00 | Window: Active | Python: Running (PID: 15240)
[2026-02-04 11:50:15] [DEBUG] Check: 11:50:15 | Window: Active | Python: Running (PID: 15240)
[2026-02-04 11:50:30] [DEBUG] Check: 11:50:30 | Window: Active | Python: Running (PID: 15240)
[2026-02-04 11:50:45] [DEBUG] Check: 11:50:45 | Window: Active | Python: Running (PID: 15240)
[2026-02-04 11:51:00] [DEBUG] Check: 11:51:00 | Window: Active | Python: Running (PID: 15240)
[2026-02-04 11:51:15] [DEBUG] Check: 11:51:15 | Window: Active | Python: Running (PID: 15240)
[2026-02-04 11:51:30] [DEBUG] Check: 11:51:30 | Window: Active | Python: Running (PID: 15240)
[2026-02-04 11:51:45] [DEBUG] Check: 11:51:45 | Window: Active | Python: Running (PID: 15240)
[2026-02-04 11:52:01] [DEBUG] Check: 11:52:01 | Window: Active | Python: Running (PID: 15240)
[2026-02-04 11:52:16] [DEBUG] Check: 11:52:16 | Window: Active | Python: Running (PID: 15240)
[2026-02-04 11:52:31] [DEBUG] Check: 11:52:31 | Window: Active | Python: Running (PID: 15240)
[2026-02-04 11:52:46] [DEBUG] Check: 11:52:46 | Window: Active | Python: Running (PID: 15240)
[2026-02-04 11:53:01] [DEBUG] Check: 11:53:01 | Window: Active | Python: Running (PID: 15240)
[2026-02-04 11:53:16] [DEBUG] Check: 11:53:16 | Window: Active | Python: Running (PID: 15240)
[2026-02-04 11:53:31] [DEBUG] Check: 11:53:31 | Window: Active | Python: Running (PID: 15240)
[2026-02-04 11:53:46] [DEBUG] Check: 11:53:46 | Window: Active | Python: Running (PID: 15240)
[2026-02-04 11:54:01] [DEBUG] Check: 11:54:01 | Window: Active | Python: Running (PID: 15240)
[2026-02-04 11:54:16] [DEBUG] Check: 11:54:16 | Window: Active | Python: Running (PID: 15240)
[2026-02-04 11:54:31] [DEBUG] Check: 11:54:31 | Window: Active | Python: Running (PID: 15240)
[2026-02-04 11:54:46] [DEBUG] Check: 11:54:46 | Window: Active | Python: Running (PID: 15240)
[2026-02-04 11:55:01] [DEBUG] Check: 11:55:01 | Window: Active | Python: Running (PID: 15240)
[2026-02-04 11:55:17] [DEBUG] Check: 11:55:17 | Window: Active | Python: Running (PID: 15240)
[2026-02-04 11:55:32] [DEBUG] Check: 11:55:32 | Window: Active | Python: Running (PID: 15240)
[2026-02-04 11:55:47] [DEBUG] Check: 11:55:47 | Window: Active | Python: Running (PID: 15240)
[2026-02-04 11:56:02] [DEBUG] Check: 11:56:02 | Window: Active | Python: Running (PID: 15240)
[2026-02-04 11:56:17] [DEBUG] Check: 11:56:17 | Window: Active | Python: Running (PID: 15240)
[2026-02-04 11:56:32] [DEBUG] Check: 11:56:32 | Window: Active | Python: Running (PID: 15240)
[2026-02-04 11:56:47] [DEBUG] Check: 11:56:47 | Window: Active | Python: Running (PID: 15240)
[2026-02-04 11:57:02] [DEBUG] Check: 11:57:02 | Window: Active | Python: Running (PID: 15240)
[2026-02-04 11:57:17] [DEBUG] Check: 11:57:17 | Window: Active | Python: Running (PID: 15240)
[2026-02-04 11:57:32] [DEBUG] Check: 11:57:32 | Window: Active | Python: Running (PID: 15240)
[2026-02-04 11:57:47] [DEBUG] Check: 11:57:47 | Window: Active | Python: Running (PID: 15240)
[2026-02-04 11:58:02] [DEBUG] Check: 11:58:02 | Window: Active | Python: Running (PID: 15240)
[2026-02-04 11:58:18] [DEBUG] Check: 11:58:18 | Window: Active | Python: Running (PID: 15240)
[2026-02-04 11:58:33] [DEBUG] Check: 11:58:33 | Window: Active | Python: Running (PID: 15240)
[2026-02-04 11:58:48] [DEBUG] Check: 11:58:48 | Window: Active | Python: Running (PID: 15240)
[2026-02-04 11:59:03] [DEBUG] Check: 11:59:03 | Window: Active | Python: Running (PID: 15240)
[2026-02-04 11:59:18] [DEBUG] Check: 11:59:18 | Window: Active | Python: Running (PID: 15240)
[2026-02-04 11:59:33] [DEBUG] Check: 11:59:33 | Window: Active | Python: Running (PID: 15240)
[2026-02-04 11:59:48] [DEBUG] Check: 11:59:48 | Window: Active | Python: Running (PID: 15240)
[2026-02-04 12:00:03] [DEBUG] Check: 12:00:03 | Window: Active | Python: Running (PID: 15240)
[2026-02-04 12:00:18] [DEBUG] Check: 12:00:18 | Window: Active | Python: Running (PID: 15240)
[2026-02-04 12:00:33] [DEBUG] Check: 12:00:33 | Window: Active | Python: Running (PID: 15240)
[2026-02-04 12:00:48] [DEBUG] Check: 12:00:48 | Window: Active | Python: Running (PID: 15240)
[2026-02-04 12:01:03] [DEBUG] Check: 12:01:03 | Window: Active | Python: Running (PID: 15240)
[2026-02-04 12:01:19] [DEBUG] Check: 12:01:19 | Window: Active | Python: Running (PID: 15240)
[2026-02-04 12:01:34] [DEBUG] Check: 12:01:34 | Window: Active | Python: Running (PID: 15240)
[2026-02-04 12:01:49] [DEBUG] Check: 12:01:49 | Window: Active | Python: Running (PID: 15240)
[2026-02-04 12:02:04] [DEBUG] Check: 12:02:04 | Window: Active | Python: Running (PID: 15240)
[2026-02-04 12:02:19] [DEBUG] Check: 12:02:19 | Window: Active | Python: Running (PID: 15240)
[2026-02-04 12:02:34] [DEBUG] Check: 12:02:34 | Window: Active | Python: Running (PID: 15240)
[2026-02-04 12:02:49] [DEBUG] Check: 12:02:49 | Window: Active | Python: Running (PID: 15240)
[2026-02-04 12:03:04] [DEBUG] Check: 12:03:04 | Window: Active | Python: Running (PID: 15240)
[2026-02-04 12:03:19] [DEBUG] Check: 12:03:19 | Window: Active | Python: Running (PID: 15240)
[2026-02-04 12:03:34] [DEBUG] Check: 12:03:34 | Window: Active | Python: Running (PID: 15240)
[2026-02-04 12:03:50] [DEBUG] Check: 12:03:50 | Window: Active | Python: Running (PID: 15240)
[2026-02-04 12:04:05] [DEBUG] Check: 12:04:05 | Window: Active | Python: Running (PID: 15240)
[2026-02-04 12:04:20] [DEBUG] Check: 12:04:20 | Window: Active | Python: Running (PID: 15240)
[2026-02-04 12:04:35] [DEBUG] Check: 12:04:35 | Window: Active | Python: Running (PID: 15240)
[2026-02-04 12:04:50] [DEBUG] Check: 12:04:50 | Window: Active | Python: Running (PID: 15240)
[2026-02-04 12:05:05] [DEBUG] Check: 12:05:05 | Window: Active | Python: Running (PID: 15240)
[2026-02-04 12:05:20] [DEBUG] Check: 12:05:20 | Window: Active | Python: Running (PID: 15240)
[2026-02-04 12:05:35] [DEBUG] Check: 12:05:35 | Window: Active | Python: Running (PID: 15240)
[2026-02-04 12:05:51] [DEBUG] Check: 12:05:51 | Window: Active | Python: Running (PID: 15240)
[2026-02-04 12:06:06] [DEBUG] Check: 12:06:06 | Window: Active | Python: Running (PID: 15240)
[2026-02-04 12:06:21] [DEBUG] Check: 12:06:21 | Window: Active | Python: Running (PID: 15240)
[2026-02-04 12:06:36] [DEBUG] Check: 12:06:36 | Window: Active | Python: Running (PID: 15240)
[2026-02-04 12:06:51] [DEBUG] Check: 12:06:51 | Window: Active | Python: Running (PID: 15240)
[2026-02-04 12:07:06] [DEBUG] Check: 12:07:06 | Window: Active | Python: Running (PID: 15240)
[2026-02-04 12:07:21] [DEBUG] Check: 12:07:21 | Window: Active | Python: Running (PID: 15240)
[2026-02-04 12:07:36] [DEBUG] Check: 12:07:36 | Window: Active | Python: Running (PID: 15240)
[2026-02-04 12:07:51] [DEBUG] Check: 12:07:51 | Window: Active | Python: Running (PID: 15240)
[2026-02-04 12:08:06] [DEBUG] Check: 12:08:06 | Window: Active | Python: Running (PID: 15240)
[2026-02-04 12:08:22] [DEBUG] Check: 12:08:22 | Window: Active | Python: Running (PID: 15240)
[2026-02-04 12:08:37] [DEBUG] Check: 12:08:37 | Window: Active | Python: Running (PID: 15240)
[2026-02-04 12:08:52] [DEBUG] Check: 12:08:52 | Window: Active | Python: Running (PID: 15240)
[2026-02-04 12:09:07] [DEBUG] Check: 12:09:07 | Window: Active | Python: Running (PID: 15240)
[2026-02-04 12:09:22] [DEBUG] Check: 12:09:22 | Window: Active | Python: Running (PID: 15240)
[2026-02-04 12:09:37] [DEBUG] Check: 12:09:37 | Window: Active | Python: Running (PID: 15240)
[2026-02-04 12:09:52] [DEBUG] Check: 12:09:52 | Window: Active | Python: Running (PID: 15240)
[2026-02-04 12:10:07] [DEBUG] Check: 12:10:07 | Window: Active | Python: Running (PID: 15240)
[2026-02-04 12:10:22] [DEBUG] Check: 12:10:22 | Window: Active | Python: Running (PID: 15240)
[2026-02-04 12:10:37] [DEBUG] Check: 12:10:37 | Window: Active | Python: Running (PID: 15240)
[2026-02-04 12:10:53] [DEBUG] Check: 12:10:53 | Window: Active | Python: Running (PID: 15240)
[2026-02-04 12:11:08] [DEBUG] Check: 12:11:08 | Window: Active | Python: Running (PID: 15240)
[2026-02-04 12:11:23] [DEBUG] Check: 12:11:23 | Window: Active | Python: Running (PID: 15240)
[2026-02-04 12:11:38] [DEBUG] Check: 12:11:38 | Window: Active | Python: Running (PID: 15240)
[2026-02-04 12:11:53] [DEBUG] Check: 12:11:53 | Window: Active | Python: Running (PID: 15240)
[2026-02-04 12:12:08] [DEBUG] Check: 12:12:08 | Window: Active | Python: Running (PID: 15240)
[2026-02-04 12:12:23] [DEBUG] Check: 12:12:23 | Window: Active | Python: Running (PID: 15240)
[2026-02-04 12:12:38] [DEBUG] Check: 12:12:38 | Window: Active | Python: Running (PID: 15240)
[2026-02-04 12:12:53] [DEBUG] Check: 12:12:53 | Window: Active | Python: Running (PID: 15240)
[2026-02-04 12:13:08] [DEBUG] Check: 12:13:08 | Window: Active | Python: Running (PID: 15240)
[2026-02-04 12:13:24] [DEBUG] Check: 12:13:24 | Window: Active | Python: Running (PID: 15240)
[2026-02-04 12:13:39] [DEBUG] Check: 12:13:39 | Window: Active | Python: Running (PID: 15240)
[2026-02-04 12:13:54] [DEBUG] Check: 12:13:54 | Window: Active | Python: Running (PID: 15240)
[2026-02-04 12:14:09] [DEBUG] Check: 12:14:09 | Window: Active | Python: Running (PID: 15240)
[2026-02-04 12:14:24] [DEBUG] Check: 12:14:24 | Window: Active | Python: Running (PID: 15240)
[2026-02-04 12:14:39] [DEBUG] Check: 12:14:39 | Window: Active | Python: Running (PID: 15240)
[2026-02-04 12:14:54] [DEBUG] Check: 12:14:54 | Window: Active | Python: Running (PID: 15240)
[2026-02-04 12:15:09] [DEBUG] Check: 12:15:09 | Window: Active | Python: Running (PID: 15240)
[2026-02-04 12:15:24] [DEBUG] Check: 12:15:24 | Window: Active | Python: Running (PID: 15240)
[2026-02-04 12:15:39] [DEBUG] Check: 12:15:39 | Window: Active | Python: Running (PID: 15240)
[2026-02-04 12:15:54] [DEBUG] Check: 12:15:54 | Window: Active | Python: Running (PID: 15240)
[2026-02-04 12:16:10] [DEBUG] Check: 12:16:10 | Window: Active | Python: Running (PID: 15240)
[2026-02-04 12:16:25] [DEBUG] Check: 12:16:25 | Window: Active | Python: Running (PID: 15240)
[2026-02-04 12:16:40] [DEBUG] Check: 12:16:40 | Window: Active | Python: Running (PID: 15240)
[2026-02-04 12:16:55] [DEBUG] Check: 12:16:55 | Window: Active | Python: Running (PID: 15240)
[2026-02-04 12:17:10] [DEBUG] Check: 12:17:10 | Window: Active | Python: Running (PID: 15240)
[2026-02-04 12:17:25] [DEBUG] Check: 12:17:25 | Window: Active | Python: Running (PID: 15240)
[2026-02-04 12:17:40] [DEBUG] Check: 12:17:40 | Window: Active | Python: Running (PID: 15240)
[2026-02-04 12:17:56] [DEBUG] Check: 12:17:56 | Window: Active | Python: Running (PID: 15240)
[2026-02-04 12:18:11] [DEBUG] Check: 12:18:11 | Window: Active | Python: Running (PID: 15240)
[2026-02-04 12:18:26] [DEBUG] Check: 12:18:26 | Window: Active | Python: Running (PID: 15240)
[2026-02-04 12:18:41] [DEBUG] Check: 12:18:41 | Window: Active | Python: Running (PID: 15240)
[2026-02-04 12:18:56] [DEBUG] Check: 12:18:56 | Window: Active | Python: Running (PID: 15240)
[2026-02-04 12:19:11] [DEBUG] Check: 12:19:11 | Window: Active | Python: Running (PID: 15240)
[2026-02-04 12:19:26] [DEBUG] Check: 12:19:26 | Window: Active | Python: Running (PID: 15240)
[2026-02-04 12:19:41] [DEBUG] Check: 12:19:41 | Window: Active | Python: Running (PID: 15240)
[2026-02-04 12:19:57] [DEBUG] Check: 12:19:57 | Window: Active | Python: Running (PID: 15240)
[2026-02-04 12:20:12] [DEBUG] Check: 12:20:12 | Window: Active | Python: Running (PID: 15240)
[2026-02-04 12:20:27] [DEBUG] Check: 12:20:27 | Window: Active | Python: Running (PID: 15240)
[2026-02-04 12:20:42] [DEBUG] Check: 12:20:42 | Window: Active | Python: Running (PID: 15240)
[2026-02-04 12:20:57] [DEBUG] Check: 12:20:57 | Window: Active | Python: Running (PID: 15240)
[2026-02-04 12:21:12] [DEBUG] Check: 12:21:12 | Window: Active | Python: Running (PID: 15240)
[2026-02-04 12:21:27] [DEBUG] Check: 12:21:27 | Window: Active | Python: Running (PID: 15240)
[2026-02-04 12:21:42] [DEBUG] Check: 12:21:42 | Window: Active | Python: Running (PID: 15240)
[2026-02-04 12:21:57] [DEBUG] Check: 12:21:57 | Window: Active | Python: Running (PID: 15240)
[2026-02-04 12:22:12] [DEBUG] Check: 12:22:12 | Window: Active | Python: Running (PID: 15240)
[2026-02-04 12:22:28] [DEBUG] Check: 12:22:28 | Window: Active | Python: Running (PID: 15240)
[2026-02-04 12:22:43] [DEBUG] Check: 12:22:43 | Window: Active | Python: Running (PID: 15240)
[2026-02-04 12:22:58] [DEBUG] Check: 12:22:58 | Window: Active | Python: Running (PID: 15240)
[2026-02-04 12:23:13] [DEBUG] Check: 12:23:13 | Window: Active | Python: Running (PID: 15240)
[2026-02-04 12:23:28] [DEBUG] Check: 12:23:28 | Window: Active | Python: Running (PID: 15240)
[2026-02-04 12:23:43] [DEBUG] Check: 12:23:43 | Window: Active | Python: Running (PID: 15240)
[2026-02-04 12:23:58] [DEBUG] Check: 12:23:58 | Window: Active | Python: Running (PID: 15240)
[2026-02-04 12:24:13] [DEBUG] Check: 12:24:13 | Window: Active | Python: Running (PID: 15240)
[2026-02-04 12:24:28] [DEBUG] Check: 12:24:28 | Window: Active | Python: Running (PID: 15240)
[2026-02-04 12:24:44] [DEBUG] Check: 12:24:44 | Window: Active | Python: Running (PID: 15240)
[2026-02-04 12:24:59] [DEBUG] Check: 12:24:59 | Window: Active | Python: Running (PID: 15240)
[2026-02-04 12:25:14] [DEBUG] Check: 12:25:14 | Window: Active | Python: Running (PID: 15240)
[2026-02-04 12:25:29] [DEBUG] Check: 12:25:29 | Window: Active | Python: Running (PID: 15240)
[2026-02-04 12:25:44] [DEBUG] Check: 12:25:44 | Window: Active | Python: Running (PID: 15240)
[2026-02-04 12:25:59] [DEBUG] Check: 12:25:59 | Window: Active | Python: Running (PID: 15240)
[2026-02-04 12:26:14] [DEBUG] Check: 12:26:14 | Window: Active | Python: Running (PID: 15240)
[2026-02-04 12:26:29] [DEBUG] Check: 12:26:29 | Window: Active | Python: Running (PID: 15240)
[2026-02-04 12:26:44] [DEBUG] Check: 12:26:44 | Window: Active | Python: Running (PID: 15240)
[2026-02-04 12:26:59] [DEBUG] Check: 12:26:59 | Window: Active | Python: Running (PID: 15240)
[2026-02-04 12:27:14] [DEBUG] Check: 12:27:14 | Window: Active | Python: Running (PID: 15240)
[2026-02-04 12:27:30] [DEBUG] Check: 12:27:30 | Window: Active | Python: Running (PID: 15240)
[2026-02-04 12:27:45] [DEBUG] Check: 12:27:45 | Window: Active | Python: Running (PID: 15240)
[2026-02-04 12:28:00] [DEBUG] Check: 12:28:00 | Window: Active | Python: Running (PID: 15240)
[2026-02-04 12:28:15] [DEBUG] Check: 12:28:15 | Window: Active | Python: Running (PID: 15240)
[2026-02-04 12:28:30] [DEBUG] Check: 12:28:30 | Window: Active | Python: Running (PID: 15240)
[2026-02-04 12:28:45] [DEBUG] Check: 12:28:45 | Window: Active | Python: Running (PID: 15240)
[2026-02-04 12:29:00] [DEBUG] Check: 12:29:00 | Window: Active | Python: Running (PID: 15240)
[2026-02-04 12:29:15] [DEBUG] Check: 12:29:15 | Window: Active | Python: Running (PID: 15240)
[2026-02-04 12:29:30] [DEBUG] Check: 12:29:30 | Window: Active | Python: Running (PID: 15240)
[2026-02-04 12:29:45] [DEBUG] Check: 12:29:45 | Window: Active | Python: Running (PID: 15240)
[2026-02-04 12:30:01] [DEBUG] Check: 12:30:01 | Window: Active | Python: Running (PID: 15240)
[2026-02-04 12:30:16] [DEBUG] Check: 12:30:16 | Window: Active | Python: Running (PID: 15240)
[2026-02-04 12:30:31] [DEBUG] Check: 12:30:31 | Window: Active | Python: Running (PID: 15240)
[2026-02-04 12:30:46] [DEBUG] Check: 12:30:46 | Window: Active | Python: Running (PID: 15240)
[2026-02-04 12:31:01] [DEBUG] Check: 12:31:01 | Window: Active | Python: Running (PID: 15240)
[2026-02-04 12:31:16] [DEBUG] Check: 12:31:16 | Window: Active | Python: Running (PID: 15240)
[2026-02-04 12:31:31] [DEBUG] Check: 12:31:31 | Window: Active | Python: Running (PID: 15240)
[2026-02-04 12:31:46] [DEBUG] Check: 12:31:46 | Window: Active | Python: Running (PID: 15240)
[2026-02-04 12:32:01] [DEBUG] Check: 12:32:01 | Window: Active | Python: Running (PID: 15240)
[2026-02-04 12:32:16] [DEBUG] Check: 12:32:16 | Window: Active | Python: Running (PID: 15240)
[2026-02-04 12:32:31] [DEBUG] Check: 12:32:31 | Window: Active | Python: Running (PID: 15240)
[2026-02-04 12:32:46] [DEBUG] Check: 12:32:46 | Window: Active | Python: Running (PID: 15240)
[2026-02-04 12:33:01] [DEBUG] Check: 12:33:01 | Window: Active | Python: Running (PID: 15240)
[2026-02-04 12:33:17] [DEBUG] Check: 12:33:17 | Window: Active | Python: Running (PID: 15240)
[2026-02-04 12:33:32] [DEBUG] Check: 12:33:32 | Window: Active | Python: Running (PID: 15240)
[2026-02-04 12:33:47] [DEBUG] Check: 12:33:47 | Window: Active | Python: Running (PID: 15240)
[2026-02-04 12:34:02] [DEBUG] Check: 12:34:02 | Window: Active | Python: Running (PID: 15240)
[2026-02-04 12:34:17] [DEBUG] Check: 12:34:17 | Window: Active | Python: Running (PID: 15240)
[2026-02-04 12:34:32] [DEBUG] Check: 12:34:32 | Window: Active | Python: Running (PID: 15240)
[2026-02-04 12:34:47] [DEBUG] Check: 12:34:47 | Window: Active | Python: Running (PID: 15240)
[2026-02-04 12:35:02] [DEBUG] Check: 12:35:02 | Window: Active | Python: Running (PID: 15240)
[2026-02-04 12:35:17] [DEBUG] Check: 12:35:17 | Window: Active | Python: Running (PID: 15240)
[2026-02-04 12:35:32] [DEBUG] Check: 12:35:32 | Window: Active | Python: Running (PID: 15240)
[2026-02-04 12:35:47] [DEBUG] Check: 12:35:47 | Window: Active | Python: Running (PID: 15240)
[2026-02-04 12:36:03] [DEBUG] Check: 12:36:03 | Window: Active | Python: Running (PID: 15240)
[2026-02-04 12:36:18] [DEBUG] Check: 12:36:18 | Window: Active | Python: Running (PID: 15240)
[2026-02-04 12:36:33] [DEBUG] Check: 12:36:33 | Window: Active | Python: Running (PID: 15240)
[2026-02-04 12:36:48] [DEBUG] Check: 12:36:48 | Window: Active | Python: Running (PID: 15240)
[2026-02-04 12:37:03] [DEBUG] Check: 12:37:03 | Window: Active | Python: Running (PID: 15240)
[2026-02-04 12:37:18] [DEBUG] Check: 12:37:18 | Window: Active | Python: Running (PID: 15240)
[2026-02-04 12:37:33] [DEBUG] Check: 12:37:33 | Window: Active | Python: Running (PID: 15240)
[2026-02-04 12:37:48] [DEBUG] Check: 12:37:48 | Window: Active | Python: Running (PID: 15240)
[2026-02-04 12:38:03] [DEBUG] Check: 12:38:03 | Window: Active | Python: Running (PID: 15240)
[2026-02-04 12:38:19] [DEBUG] Check: 12:38:19 | Window: Active | Python: Running (PID: 15240)
[2026-02-04 12:38:34] [DEBUG] Check: 12:38:34 | Window: Active | Python: Running (PID: 15240)
[2026-02-04 12:38:49] [DEBUG] Check: 12:38:49 | Window: Active | Python: Running (PID: 15240)
[2026-02-04 12:39:04] [DEBUG] Check: 12:39:04 | Window: Active | Python: Running (PID: 15240)
[2026-02-04 12:39:19] [DEBUG] Check: 12:39:19 | Window: Active | Python: Running (PID: 15240)
[2026-02-04 12:39:34] [DEBUG] Check: 12:39:34 | Window: Active | Python: Running (PID: 15240)
[2026-02-04 12:39:49] [DEBUG] Check: 12:39:49 | Window: Active | Python: Running (PID: 15240)
[2026-02-04 12:40:04] [DEBUG] Check: 12:40:04 | Window: Active | Python: Running (PID: 15240)
[2026-02-04 12:40:19] [DEBUG] Check: 12:40:19 | Window: Active | Python: Running (PID: 15240)
[2026-02-04 12:40:34] [DEBUG] Check: 12:40:34 | Window: Active | Python: Running (PID: 15240)
[2026-02-04 12:40:49] [DEBUG] Check: 12:40:49 | Window: Active | Python: Running (PID: 15240)
[2026-02-04 12:41:05] [DEBUG] Check: 12:41:05 | Window: Active | Python: Running (PID: 15240)
[2026-02-04 12:41:20] [DEBUG] Check: 12:41:20 | Window: Active | Python: Running (PID: 15240)
[2026-02-04 12:41:35] [DEBUG] Check: 12:41:35 | Window: Active | Python: Running (PID: 15240)
[2026-02-04 12:41:50] [DEBUG] Check: 12:41:50 | Window: Active | Python: Running (PID: 15240)
[2026-02-04 12:42:05] [DEBUG] Check: 12:42:05 | Window: Active | Python: Running (PID: 15240)
[2026-02-04 12:42:20] [DEBUG] Check: 12:42:20 | Window: Active | Python: Running (PID: 15240)
[2026-02-04 12:42:36] [DEBUG] Check: 12:42:36 | Window: Active | Python: Running (PID: 15240)
[2026-02-04 12:42:51] [DEBUG] Check: 12:42:51 | Window: Active | Python: Running (PID: 15240)
[2026-02-04 12:43:06] [DEBUG] Check: 12:43:06 | Window: Active | Python: Running (PID: 15240)
[2026-02-04 12:43:21] [DEBUG] Check: 12:43:21 | Window: Active | Python: Running (PID: 15240)
[2026-02-04 12:43:36] [DEBUG] Check: 12:43:36 | Window: Active | Python: Running (PID: 15240)
[2026-02-04 12:43:51] [DEBUG] Check: 12:43:51 | Window: Active | Python: Running (PID: 15240)
[2026-02-04 12:44:06] [DEBUG] Check: 12:44:06 | Window: Active | Python: Running (PID: 15240)
[2026-02-04 12:44:21] [DEBUG] Check: 12:44:21 | Window: Active | Python: Running (PID: 15240)
[2026-02-04 12:44:36] [DEBUG] Check: 12:44:36 | Window: Active | Python: Running (PID: 15240)
[2026-02-04 12:44:51] [DEBUG] Check: 12:44:51 | Window: Active | Python: Running (PID: 15240)
[2026-02-04 12:45:07] [DEBUG] Check: 12:45:07 | Window: Active | Python: Running (PID: 15240)
[2026-02-04 12:45:22] [DEBUG] Check: 12:45:22 | Window: Active | Python: Running (PID: 15240)
[2026-02-04 12:45:37] [DEBUG] Check: 12:45:37 | Window: Active | Python: Running (PID: 15240)
[2026-02-04 12:45:52] [DEBUG] Check: 12:45:52 | Window: Active | Python: Running (PID: 15240)
[2026-02-04 12:46:07] [DEBUG] Check: 12:46:07 | Window: Active | Python: Running (PID: 15240)
[2026-02-04 12:46:22] [DEBUG] Check: 12:46:22 | Window: Active | Python: Running (PID: 15240)
[2026-02-04 12:46:37] [DEBUG] Check: 12:46:37 | Window: Active | Python: Running (PID: 15240)
[2026-02-04 12:46:52] [DEBUG] Check: 12:46:52 | Window: Active | Python: Running (PID: 15240)
[2026-02-04 12:47:07] [DEBUG] Check: 12:47:07 | Window: Active | Python: Running (PID: 15240)
[2026-02-04 12:47:22] [DEBUG] Check: 12:47:22 | Window: Active | Python: Running (PID: 15240)
[2026-02-04 12:47:38] [DEBUG] Check: 12:47:38 | Window: Active | Python: Running (PID: 15240)
[2026-02-04 12:47:53] [DEBUG] Check: 12:47:53 | Window: Active | Python: Running (PID: 15240)
[2026-02-04 12:48:08] [DEBUG] Check: 12:48:08 | Window: Active | Python: Running (PID: 15240)
[2026-02-04 12:48:23] [DEBUG] Check: 12:48:23 | Window: Active | Python: Running (PID: 15240)
[2026-02-04 12:48:38] [DEBUG] Check: 12:48:38 | Window: Active | Python: Running (PID: 15240)
[2026-02-04 12:48:53] [DEBUG] Check: 12:48:53 | Window: Active | Python: Running (PID: 15240)
[2026-02-04 12:49:08] [DEBUG] Check: 12:49:08 | Window: Active | Python: Running (PID: 15240)
[2026-02-04 12:49:23] [DEBUG] Check: 12:49:23 | Window: Active | Python: Running (PID: 15240)
[2026-02-04 12:49:38] [DEBUG] Check: 12:49:38 | Window: Active | Python: Running (PID: 15240)
[2026-02-04 12:49:53] [DEBUG] Check: 12:49:53 | Window: Active | Python: Running (PID: 15240)
[2026-02-04 12:50:08] [DEBUG] Check: 12:50:08 | Window: Active | Python: Running (PID: 15240)
[2026-02-04 12:50:23] [DEBUG] Check: 12:50:23 | Window: Active | Python: Running (PID: 15240)
[2026-02-04 12:50:38] [DEBUG] Check: 12:50:38 | Window: Active | Python: Running (PID: 15240)
[2026-02-04 12:50:54] [DEBUG] Check: 12:50:54 | Window: Active | Python: Running (PID: 15240)
[2026-02-04 12:51:09] [DEBUG] Check: 12:51:09 | Window: Active | Python: Running (PID: 15240)
[2026-02-04 12:51:24] [DEBUG] Check: 12:51:24 | Window: Active | Python: Running (PID: 15240)
[2026-02-04 12:51:39] [DEBUG] Check: 12:51:39 | Window: Active | Python: Running (PID: 15240)
[2026-02-04 12:51:54] [DEBUG] Check: 12:51:54 | Window: Active | Python: Running (PID: 15240)
[2026-02-04 12:52:09] [DEBUG] Check: 12:52:09 | Window: Active | Python: Running (PID: 15240)
[2026-02-04 12:52:24] [DEBUG] Check: 12:52:24 | Window: Active | Python: Running (PID: 15240)
[2026-02-04 12:52:39] [DEBUG] Check: 12:52:39 | Window: Active | Python: Running (PID: 15240)
[2026-02-04 12:52:54] [DEBUG] Check: 12:52:54 | Window: Active | Python: Running (PID: 15240)
[2026-02-04 12:53:09] [DEBUG] Check: 12:53:09 | Window: Active | Python: Running (PID: 15240)
[2026-02-04 12:53:24] [DEBUG] Check: 12:53:24 | Window: Active | Python: Running (PID: 15240)
[2026-02-04 12:53:40] [DEBUG] Check: 12:53:40 | Window: Active | Python: Running (PID: 15240)
[2026-02-04 12:53:55] [DEBUG] Check: 12:53:55 | Window: Active | Python: Running (PID: 15240)
[2026-02-04 12:54:10] [DEBUG] Check: 12:54:10 | Window: Active | Python: Running (PID: 15240)
[2026-02-04 12:54:25] [DEBUG] Check: 12:54:25 | Window: Active | Python: Running (PID: 15240)
[2026-02-04 12:54:40] [DEBUG] Check: 12:54:40 | Window: Active | Python: Running (PID: 15240)
[2026-02-04 12:54:55] [DEBUG] Check: 12:54:55 | Window: Active | Python: Running (PID: 15240)
[2026-02-04 12:55:10] [DEBUG] Check: 12:55:10 | Window: Active | Python: Running (PID: 15240)
[2026-02-04 12:55:26] [DEBUG] Check: 12:55:26 | Window: Active | Python: Running (PID: 15240)
[2026-02-04 12:55:41] [DEBUG] Check: 12:55:41 | Window: Active | Python: Running (PID: 15240)
[2026-02-04 12:55:56] [DEBUG] Check: 12:55:56 | Window: Active | Python: Running (PID: 15240)
[2026-02-04 12:56:11] [DEBUG] Check: 12:56:11 | Window: Active | Python: Running (PID: 15240)
[2026-02-04 12:56:26] [DEBUG] Check: 12:56:26 | Window: Active | Python: Running (PID: 15240)
[2026-02-04 12:56:41] [DEBUG] Check: 12:56:41 | Window: Active | Python: Running (PID: 15240)
[2026-02-04 12:56:56] [DEBUG] Check: 12:56:56 | Window: Active | Python: Running (PID: 15240)
[2026-02-04 12:57:11] [DEBUG] Check: 12:57:11 | Window: Active | Python: Running (PID: 15240)
[2026-02-04 12:57:26] [DEBUG] Check: 12:57:26 | Window: Active | Python: Running (PID: 15240)
[2026-02-04 12:57:42] [DEBUG] Check: 12:57:42 | Window: Active | Python: Running (PID: 15240)
[2026-02-04 12:57:57] [DEBUG] Check: 12:57:57 | Window: Active | Python: Running (PID: 15240)
[2026-02-04 12:58:12] [DEBUG] Check: 12:58:12 | Window: Active | Python: Running (PID: 15240)
[2026-02-04 12:58:27] [DEBUG] Check: 12:58:27 | Window: Active | Python: Running (PID: 15240)
[2026-02-04 12:58:42] [DEBUG] Check: 12:58:42 | Window: Active | Python: Running (PID: 15240)
[2026-02-04 12:58:57] [DEBUG] Check: 12:58:57 | Window: Active | Python: Running (PID: 15240)
[2026-02-04 12:59:12] [DEBUG] Check: 12:59:12 | Window: Active | Python: Running (PID: 15240)
[2026-02-04 12:59:27] [DEBUG] Check: 12:59:27 | Window: Active | Python: Running (PID: 15240)
[2026-02-04 12:59:42] [DEBUG] Check: 12:59:42 | Window: Active | Python: Running (PID: 15240)
[2026-02-04 12:59:57] [DEBUG] Check: 12:59:57 | Window: Active | Python: Running (PID: 15240)
[2026-02-04 13:00:12] [DEBUG] Check: 13:00:12 | Window: Active | Python: Running (PID: 15240)
[2026-02-04 13:00:27] [DEBUG] Check: 13:00:27 | Window: Active | Python: Running (PID: 15240)
[2026-02-04 13:00:43] [DEBUG] Check: 13:00:43 | Window: Active | Python: Running (PID: 15240)
[2026-02-04 13:00:58] [DEBUG] Check: 13:00:58 | Window: Active | Python: Running (PID: 15240)
[2026-02-04 13:01:13] [DEBUG] Check: 13:01:13 | Window: Active | Python: Running (PID: 15240)
[2026-02-04 13:01:28] [DEBUG] Check: 13:01:28 | Window: Active | Python: Running (PID: 15240)
[2026-02-04 13:01:43] [DEBUG] Check: 13:01:43 | Window: Active | Python: Running (PID: 15240)
[2026-02-04 13:01:58] [DEBUG] Check: 13:01:58 | Window: Active | Python: Running (PID: 15240)
[2026-02-04 13:02:13] [DEBUG] Check: 13:02:13 | Window: Active | Python: Running (PID: 15240)
[2026-02-04 13:02:28] [DEBUG] Check: 13:02:28 | Window: Active | Python: Running (PID: 15240)
[2026-02-04 13:02:43] [DEBUG] Check: 13:02:43 | Window: Active | Python: Running (PID: 15240)
[2026-02-04 13:02:58] [DEBUG] Check: 13:02:58 | Window: Active | Python: Running (PID: 15240)
[2026-02-04 13:03:13] [DEBUG] Check: 13:03:13 | Window: Active | Python: Running (PID: 15240)
[2026-02-04 13:03:28] [DEBUG] Check: 13:03:28 | Window: Active | Python: Running (PID: 15240)
[2026-02-04 13:03:44] [DEBUG] Check: 13:03:44 | Window: Active | Python: Running (PID: 15240)
[2026-02-04 13:03:59] [DEBUG] Check: 13:03:59 | Window: Active | Python: Running (PID: 15240)
[2026-02-04 13:04:14] [DEBUG] Check: 13:04:14 | Window: Active | Python: Running (PID: 15240)
[2026-02-04 13:04:29] [DEBUG] Check: 13:04:29 | Window: Active | Python: Running (PID: 15240)
[2026-02-04 13:04:44] [DEBUG] Check: 13:04:44 | Window: Active | Python: Running (PID: 15240)
[2026-02-04 13:04:59] [DEBUG] Check: 13:04:59 | Window: Active | Python: Running (PID: 15240)
[2026-02-04 13:05:14] [DEBUG] Check: 13:05:14 | Window: Active | Python: Running (PID: 15240)
[2026-02-04 13:05:29] [DEBUG] Check: 13:05:29 | Window: Active | Python: Running (PID: 15240)
[2026-02-04 13:05:44] [DEBUG] Check: 13:05:44 | Window: Active | Python: Running (PID: 15240)
[2026-02-04 13:05:59] [DEBUG] Check: 13:05:59 | Window: Active | Python: Running (PID: 15240)
[2026-02-04 13:06:15] [DEBUG] Check: 13:06:15 | Window: Active | Python: Running (PID: 15240)
[2026-02-04 13:06:30] [DEBUG] Check: 13:06:30 | Window: Active | Python: Running (PID: 15240)
[2026-02-04 13:06:45] [DEBUG] Check: 13:06:45 | Window: Active | Python: Running (PID: 15240)
[2026-02-04 13:07:00] [DEBUG] Check: 13:07:00 | Window: Active | Python: Running (PID: 15240)
[2026-02-04 13:07:15] [DEBUG] Check: 13:07:15 | Window: Active | Python: Running (PID: 15240)
[2026-02-04 13:07:30] [DEBUG] Check: 13:07:30 | Window: Active | Python: Running (PID: 15240)
[2026-02-04 13:07:45] [DEBUG] Check: 13:07:45 | Window: Active | Python: Running (PID: 15240)
[2026-02-04 13:08:00] [DEBUG] Check: 13:08:00 | Window: Active | Python: Running (PID: 15240)
[2026-02-04 13:08:16] [DEBUG] Check: 13:08:16 | Window: Active | Python: Running (PID: 15240)
[2026-02-04 13:08:31] [DEBUG] Check: 13:08:31 | Window: Active | Python: Running (PID: 15240)
[2026-02-04 13:08:46] [DEBUG] Check: 13:08:46 | Window: Active | Python: Running (PID: 15240)
[2026-02-04 13:09:01] [DEBUG] Check: 13:09:01 | Window: Active | Python: Running (PID: 15240)
[2026-02-04 13:09:16] [DEBUG] Check: 13:09:16 | Window: Active | Python: Running (PID: 15240)
[2026-02-04 13:09:31] [DEBUG] Check: 13:09:31 | Window: Active | Python: Running (PID: 15240)
[2026-02-04 13:09:46] [DEBUG] Check: 13:09:46 | Window: Active | Python: Running (PID: 15240)
[2026-02-04 13:10:01] [DEBUG] Check: 13:10:01 | Window: Active | Python: Running (PID: 15240)
[2026-02-04 13:10:16] [DEBUG] Check: 13:10:16 | Window: Active | Python: Running (PID: 15240)
[2026-02-04 13:10:31] [DEBUG] Check: 13:10:31 | Window: Active | Python: Running (PID: 15240)
[2026-02-04 13:10:46] [DEBUG] Check: 13:10:46 | Window: Active | Python: Running (PID: 15240)
[2026-02-04 13:11:01] [DEBUG] Check: 13:11:01 | Window: Active | Python: Running (PID: 15240)
[2026-02-04 13:11:17] [DEBUG] Check: 13:11:17 | Window: Active | Python: Running (PID: 15240)
[2026-02-04 13:11:32] [DEBUG] Check: 13:11:32 | Window: Active | Python: Running (PID: 15240)
[2026-02-04 13:11:47] [DEBUG] Check: 13:11:47 | Window: Active | Python: Running (PID: 15240)
[2026-02-04 13:12:02] [DEBUG] Check: 13:12:02 | Window: Active | Python: Running (PID: 15240)
[2026-02-04 13:12:17] [DEBUG] Check: 13:12:17 | Window: Active | Python: Running (PID: 15240)
[2026-02-04 13:12:33] [DEBUG] Check: 13:12:33 | Window: Active | Python: Running (PID: 15240)
[2026-02-04 13:12:48] [DEBUG] Check: 13:12:48 | Window: Active | Python: Running (PID: 15240)
[2026-02-04 13:13:03] [DEBUG] Check: 13:13:03 | Window: Active | Python: Running (PID: 15240)
[2026-02-04 13:13:18] [DEBUG] Check: 13:13:18 | Window: Active | Python: Running (PID: 15240)
[2026-02-04 13:13:33] [DEBUG] Check: 13:13:33 | Window: Active | Python: Running (PID: 15240)
[2026-02-04 13:13:49] [DEBUG] Check: 13:13:49 | Window: Active | Python: Running (PID: 15240)
[2026-02-04 13:14:04] [DEBUG] Check: 13:14:04 | Window: Active | Python: Running (PID: 15240)
[2026-02-04 13:14:19] [DEBUG] Check: 13:14:19 | Window: Active | Python: Running (PID: 15240)
[2026-02-04 13:14:34] [DEBUG] Check: 13:14:34 | Window: Active | Python: Running (PID: 15240)
[2026-02-04 13:14:49] [DEBUG] Check: 13:14:49 | Window: Active | Python: Running (PID: 15240)
[2026-02-04 13:15:04] [DEBUG] Check: 13:15:04 | Window: Active | Python: Running (PID: 15240)
[2026-02-04 13:15:19] [DEBUG] Check: 13:15:19 | Window: Active | Python: Running (PID: 15240)
[2026-02-04 13:15:34] [DEBUG] Check: 13:15:34 | Window: Active | Python: Running (PID: 15240)
[2026-02-04 13:15:50] [DEBUG] Check: 13:15:50 | Window: Active | Python: Running (PID: 15240)
[2026-02-04 13:16:05] [DEBUG] Check: 13:16:05 | Window: Active | Python: Running (PID: 15240)
[2026-02-04 13:16:20] [DEBUG] Check: 13:16:20 | Window: Active | Python: Running (PID: 15240)
[2026-02-04 13:16:35] [DEBUG] Check: 13:16:35 | Window: Active | Python: Running (PID: 15240)
[2026-02-04 13:16:51] [DEBUG] Check: 13:16:51 | Window: Active | Python: Running (PID: 15240)
[2026-02-04 13:17:06] [DEBUG] Check: 13:17:06 | Window: Active | Python: Running (PID: 15240)
[2026-02-04 13:17:21] [DEBUG] Check: 13:17:21 | Window: Active | Python: Running (PID: 15240)
[2026-02-04 13:17:36] [DEBUG] Check: 13:17:36 | Window: Active | Python: Running (PID: 15240)
[2026-02-04 13:17:51] [DEBUG] Check: 13:17:51 | Window: Active | Python: Running (PID: 15240)
[2026-02-04 13:18:06] [DEBUG] Check: 13:18:06 | Window: Active | Python: Running (PID: 15240)
[2026-02-04 13:18:21] [DEBUG] Check: 13:18:21 | Window: Active | Python: Running (PID: 15240)
[2026-02-04 13:18:37] [DEBUG] Check: 13:18:37 | Window: Active | Python: Running (PID: 15240)
[2026-02-04 13:18:52] [DEBUG] Check: 13:18:52 | Window: Active | Python: Running (PID: 15240)
[2026-02-04 13:19:07] [DEBUG] Check: 13:19:07 | Window: Active | Python: Running (PID: 15240)
[2026-02-04 13:19:22] [DEBUG] Check: 13:19:22 | Window: Active | Python: Running (PID: 15240)
[2026-02-04 13:19:37] [DEBUG] Check: 13:19:37 | Window: Active | Python: Running (PID: 15240)
[2026-02-04 13:19:52] [DEBUG] Check: 13:19:52 | Window: Active | Python: Running (PID: 15240)
[2026-02-04 13:20:07] [DEBUG] Check: 13:20:07 | Window: Active | Python: Running (PID: 15240)
[2026-02-04 13:20:23] [DEBUG] Check: 13:20:23 | Window: Active | Python: Running (PID: 15240)
[2026-02-04 13:20:38] [DEBUG] Check: 13:20:38 | Window: Active | Python: Running (PID: 15240)
[2026-02-04 13:20:53] [DEBUG] Check: 13:20:53 | Window: Active | Python: Running (PID: 15240)
[2026-02-04 13:21:08] [DEBUG] Check: 13:21:08 | Window: Active | Python: Running (PID: 15240)
[2026-02-04 13:21:23] [DEBUG] Check: 13:21:23 | Window: Active | Python: Running (PID: 15240)
[2026-02-04 13:21:38] [DEBUG] Check: 13:21:38 | Window: Active | Python: Running (PID: 15240)
[2026-02-04 13:21:53] [DEBUG] Check: 13:21:53 | Window: Active | Python: Running (PID: 15240)
[2026-02-04 13:22:08] [DEBUG] Check: 13:22:08 | Window: Active | Python: Running (PID: 15240)
[2026-02-04 13:22:23] [DEBUG] Check: 13:22:23 | Window: Active | Python: Running (PID: 15240)
[2026-02-04 13:22:38] [DEBUG] Check: 13:22:38 | Window: Active | Python: Running (PID: 15240)
[2026-02-04 13:22:54] [DEBUG] Check: 13:22:54 | Window: Active | Python: Running (PID: 15240)
[2026-02-04 13:23:09] [DEBUG] Check: 13:23:09 | Window: Active | Python: Running (PID: 15240)
[2026-02-04 13:23:24] [DEBUG] Check: 13:23:24 | Window: Active | Python: Running (PID: 15240)
[2026-02-04 13:23:39] [DEBUG] Check: 13:23:39 | Window: Active | Python: Running (PID: 15240)
[2026-02-04 13:23:54] [DEBUG] Check: 13:23:54 | Window: Active | Python: Running (PID: 15240)
[2026-02-04 13:24:09] [DEBUG] Check: 13:24:09 | Window: Active | Python: Running (PID: 15240)
[2026-02-04 13:24:24] [DEBUG] Check: 13:24:24 | Window: Active | Python: Running (PID: 15240)
[2026-02-04 13:24:39] [DEBUG] Check: 13:24:39 | Window: Active | Python: Running (PID: 15240)
[2026-02-04 13:24:54] [DEBUG] Check: 13:24:54 | Window: Active | Python: Running (PID: 15240)
[2026-02-04 13:25:10] [DEBUG] Check: 13:25:10 | Window: Active | Python: Running (PID: 15240)
[2026-02-04 13:25:25] [DEBUG] Check: 13:25:25 | Window: Active | Python: Running (PID: 15240)
[2026-02-04 13:25:40] [DEBUG] Check: 13:25:40 | Window: Active | Python: Running (PID: 15240)
[2026-02-04 13:25:55] [DEBUG] Check: 13:25:55 | Window: Active | Python: Running (PID: 15240)
[2026-02-04 13:26:10] [DEBUG] Check: 13:26:10 | Window: Active | Python: Running (PID: 15240)
[2026-02-04 13:26:25] [DEBUG] Check: 13:26:25 | Window: Active | Python: Running (PID: 15240)
[2026-02-04 13:26:41] [DEBUG] Check: 13:26:40 | Window: Active | Python: Running (PID: 15240)
[2026-02-04 13:26:56] [DEBUG] Check: 13:26:56 | Window: Active | Python: Running (PID: 15240)
[2026-02-04 13:27:11] [DEBUG] Check: 13:27:11 | Window: Active | Python: Running (PID: 15240)
[2026-02-04 13:27:26] [DEBUG] Check: 13:27:26 | Window: Active | Python: Running (PID: 15240)
[2026-02-04 13:27:41] [DEBUG] Check: 13:27:41 | Window: Active | Python: Running (PID: 15240)
[2026-02-04 13:27:56] [DEBUG] Check: 13:27:56 | Window: Active | Python: Running (PID: 15240)
[2026-02-04 13:28:11] [DEBUG] Check: 13:28:11 | Window: Active | Python: Running (PID: 15240)
[2026-02-04 13:28:26] [DEBUG] Check: 13:28:26 | Window: Active | Python: Running (PID: 15240)
[2026-02-04 13:28:41] [DEBUG] Check: 13:28:41 | Window: Active | Python: Running (PID: 15240)
[2026-02-04 13:28:56] [DEBUG] Check: 13:28:56 | Window: Active | Python: Running (PID: 15240)
[2026-02-04 13:29:11] [DEBUG] Check: 13:29:11 | Window: Active | Python: Running (PID: 15240)
[2026-02-04 13:29:27] [DEBUG] Check: 13:29:27 | Window: Active | Python: Running (PID: 15240)
[2026-02-04 13:29:42] [DEBUG] Check: 13:29:42 | Window: Active | Python: Running (PID: 15240)
[2026-02-04 13:29:57] [DEBUG] Check: 13:29:57 | Window: Active | Python: Running (PID: 15240)
[2026-02-04 13:30:12] [DEBUG] Check: 13:30:12 | Window: Active | Python: Running (PID: 15240)
[2026-02-04 13:30:27] [DEBUG] Check: 13:30:27 | Window: Active | Python: Running (PID: 15240)
[2026-02-04 13:30:42] [DEBUG] Check: 13:30:42 | Window: Active | Python: Running (PID: 15240)
[2026-02-04 13:30:57] [DEBUG] Check: 13:30:57 | Window: Active | Python: Running (PID: 15240)
[2026-02-04 13:31:12] [DEBUG] Check: 13:31:12 | Window: Active | Python: Running (PID: 15240)
[2026-02-04 13:31:27] [DEBUG] Check: 13:31:27 | Window: Active | Python: Running (PID: 15240)
[2026-02-04 13:31:42] [DEBUG] Check: 13:31:42 | Window: Active | Python: Running (PID: 15240)
[2026-02-04 13:31:57] [DEBUG] Check: 13:31:57 | Window: Active | Python: Running (PID: 15240)
[2026-02-04 13:32:12] [DEBUG] Check: 13:32:12 | Window: Active | Python: Running (PID: 15240)
[2026-02-04 13:32:27] [DEBUG] Check: 13:32:27 | Window: Active | Python: Running (PID: 15240)
[2026-02-04 13:32:43] [DEBUG] Check: 13:32:43 | Window: Active | Python: Running (PID: 15240)
[2026-02-04 13:32:58] [DEBUG] Check: 13:32:58 | Window: Active | Python: Running (PID: 15240)
[2026-02-04 13:33:13] [DEBUG] Check: 13:33:13 | Window: Active | Python: Running (PID: 15240)
[2026-02-04 13:33:28] [DEBUG] Check: 13:33:28 | Window: Active | Python: Running (PID: 15240)
[2026-02-04 13:33:43] [DEBUG] Check: 13:33:43 | Window: Active | Python: Running (PID: 15240)
[2026-02-04 13:33:58] [DEBUG] Check: 13:33:58 | Window: Active | Python: Running (PID: 15240)
[2026-02-04 13:34:13] [DEBUG] Check: 13:34:13 | Window: Active | Python: Running (PID: 15240)
[2026-02-04 13:34:28] [DEBUG] Check: 13:34:28 | Window: Active | Python: Running (PID: 15240)
[2026-02-04 13:34:43] [DEBUG] Check: 13:34:43 | Window: Active | Python: Running (PID: 15240)
[2026-02-04 13:34:58] [DEBUG] Check: 13:34:58 | Window: Active | Python: Running (PID: 15240)
[2026-02-04 13:35:13] [DEBUG] Check: 13:35:13 | Window: Active | Python: Running (PID: 15240)
[2026-02-04 13:35:28] [DEBUG] Check: 13:35:28 | Window: Active | Python: Running (PID: 15240)
[2026-02-04 13:35:44] [DEBUG] Check: 13:35:44 | Window: Active | Python: Running (PID: 15240)
[2026-02-04 13:35:59] [DEBUG] Check: 13:35:59 | Window: Active | Python: Running (PID: 15240)
[2026-02-04 13:36:14] [DEBUG] Check: 13:36:14 | Window: Active | Python: Running (PID: 15240)
[2026-02-04 13:36:29] [DEBUG] Check: 13:36:29 | Window: Active | Python: Running (PID: 15240)
[2026-02-04 13:36:44] [DEBUG] Check: 13:36:44 | Window: Active | Python: Running (PID: 15240)
[2026-02-04 13:36:59] [DEBUG] Check: 13:36:59 | Window: Active | Python: Running (PID: 15240)
[2026-02-04 13:37:14] [DEBUG] Check: 13:37:14 | Window: Active | Python: Running (PID: 15240)
[2026-02-04 13:37:29] [DEBUG] Check: 13:37:29 | Window: Active | Python: Running (PID: 15240)
[2026-02-04 13:37:44] [DEBUG] Check: 13:37:44 | Window: Active | Python: Running (PID: 15240)
[2026-02-04 13:38:00] [DEBUG] Check: 13:38:00 | Window: Active | Python: Running (PID: 15240)
[2026-02-04 13:38:15] [DEBUG] Check: 13:38:15 | Window: Active | Python: Running (PID: 15240)
[2026-02-04 13:38:30] [DEBUG] Check: 13:38:30 | Window: Active | Python: Running (PID: 15240)
[2026-02-04 13:38:45] [DEBUG] Check: 13:38:45 | Window: Active | Python: Running (PID: 15240)
[2026-02-04 13:39:00] [DEBUG] Check: 13:39:00 | Window: Active | Python: Running (PID: 15240)
[2026-02-04 13:39:15] [DEBUG] Check: 13:39:15 | Window: Active | Python: Running (PID: 15240)
[2026-02-04 13:39:30] [DEBUG] Check: 13:39:30 | Window: Active | Python: Running (PID: 15240)
[2026-02-04 13:39:45] [DEBUG] Check: 13:39:45 | Window: Active | Python: Running (PID: 15240)
[2026-02-04 13:40:01] [DEBUG] Check: 13:40:01 | Window: Active | Python: Running (PID: 15240)
[2026-02-04 13:40:16] [DEBUG] Check: 13:40:16 | Window: Active | Python: Running (PID: 15240)
[2026-02-04 13:40:31] [DEBUG] Check: 13:40:31 | Window: Active | Python: Running (PID: 15240)
[2026-02-04 13:40:46] [DEBUG] Check: 13:40:46 | Window: Active | Python: Running (PID: 15240)
[2026-02-04 13:41:01] [DEBUG] Check: 13:41:01 | Window: Active | Python: Running (PID: 15240)
[2026-02-04 13:41:16] [DEBUG] Check: 13:41:16 | Window: Active | Python: Running (PID: 15240)
[2026-02-04 13:41:31] [DEBUG] Check: 13:41:31 | Window: Active | Python: Running (PID: 15240)
[2026-02-04 13:41:46] [DEBUG] Check: 13:41:46 | Window: Active | Python: Running (PID: 15240)
[2026-02-04 13:42:01] [DEBUG] Check: 13:42:01 | Window: Active | Python: Running (PID: 15240)
[2026-02-04 13:42:16] [DEBUG] Check: 13:42:16 | Window: Active | Python: Running (PID: 15240)
[2026-02-04 13:42:31] [DEBUG] Check: 13:42:31 | Window: Active | Python: Running (PID: 15240)
[2026-02-04 13:42:46] [DEBUG] Check: 13:42:46 | Window: Active | Python: Running (PID: 15240)
[2026-02-04 13:43:02] [DEBUG] Check: 13:43:02 | Window: Active | Python: Running (PID: 15240)
[2026-02-04 13:43:17] [DEBUG] Check: 13:43:17 | Window: Active | Python: Running (PID: 15240)
[2026-02-04 13:43:32] [DEBUG] Check: 13:43:32 | Window: Active | Python: Running (PID: 15240)
[2026-02-04 13:43:47] [DEBUG] Check: 13:43:47 | Window: Active | Python: Running (PID: 15240)
[2026-02-04 13:44:02] [DEBUG] Check: 13:44:02 | Window: Active | Python: Running (PID: 15240)
[2026-02-04 13:44:17] [DEBUG] Check: 13:44:17 | Window: Active | Python: Running (PID: 15240)
[2026-02-04 13:44:32] [DEBUG] Check: 13:44:32 | Window: Active | Python: Running (PID: 15240)
[2026-02-04 13:44:47] [DEBUG] Check: 13:44:47 | Window: Active | Python: Running (PID: 15240)
[2026-02-04 13:45:02] [DEBUG] Check: 13:45:02 | Window: Active | Python: Running (PID: 15240)
[2026-02-04 13:45:17] [DEBUG] Check: 13:45:17 | Window: Active | Python: Running (PID: 15240)
[2026-02-04 13:45:33] [DEBUG] Check: 13:45:33 | Window: Active | Python: Running (PID: 15240)
[2026-02-04 13:45:48] [DEBUG] Check: 13:45:48 | Window: Active | Python: Running (PID: 15240)
[2026-02-04 13:46:03] [DEBUG] Check: 13:46:03 | Window: Active | Python: Running (PID: 15240)
[2026-02-04 13:46:18] [DEBUG] Check: 13:46:18 | Window: Active | Python: Running (PID: 15240)
[2026-02-04 13:46:33] [DEBUG] Check: 13:46:33 | Window: Active | Python: Running (PID: 15240)
[2026-02-04 13:46:48] [DEBUG] Check: 13:46:48 | Window: Active | Python: Running (PID: 15240)
[2026-02-04 13:47:03] [DEBUG] Check: 13:47:03 | Window: Active | Python: Running (PID: 15240)
[2026-02-04 13:47:18] [DEBUG] Check: 13:47:18 | Window: Active | Python: Running (PID: 15240)
[2026-02-04 13:47:33] [DEBUG] Check: 13:47:33 | Window: Active | Python: Running (PID: 15240)
[2026-02-04 13:47:48] [DEBUG] Check: 13:47:48 | Window: Active | Python: Running (PID: 15240)
[2026-02-04 13:48:04] [DEBUG] Check: 13:48:04 | Window: Active | Python: Running (PID: 15240)
[2026-02-04 13:48:19] [DEBUG] Check: 13:48:19 | Window: Active | Python: Running (PID: 15240)
[2026-02-04 13:48:34] [DEBUG] Check: 13:48:34 | Window: Active | Python: Running (PID: 15240)
[2026-02-04 13:48:49] [DEBUG] Check: 13:48:49 | Window: Active | Python: Running (PID: 15240)
[2026-02-04 13:49:04] [DEBUG] Check: 13:49:04 | Window: Active | Python: Running (PID: 15240)
[2026-02-04 13:49:19] [DEBUG] Check: 13:49:19 | Window: Active | Python: Running (PID: 15240)
[2026-02-04 13:49:34] [DEBUG] Check: 13:49:34 | Window: Active | Python: Running (PID: 15240)
[2026-02-04 13:49:49] [DEBUG] Check: 13:49:49 | Window: Active | Python: Running (PID: 15240)
[2026-02-04 13:50:04] [DEBUG] Check: 13:50:04 | Window: Active | Python: Running (PID: 15240)
[2026-02-04 13:50:19] [DEBUG] Check: 13:50:19 | Window: Active | Python: Running (PID: 15240)
[2026-02-04 13:50:34] [DEBUG] Check: 13:50:34 | Window: Active | Python: Running (PID: 15240)
[2026-02-04 13:50:50] [DEBUG] Check: 13:50:50 | Window: Active | Python: Running (PID: 15240)
[2026-02-04 13:51:05] [DEBUG] Check: 13:51:05 | Window: Active | Python: Running (PID: 15240)
[2026-02-04 13:51:20] [DEBUG] Check: 13:51:20 | Window: Active | Python: Running (PID: 15240)
[2026-02-04 13:51:35] [DEBUG] Check: 13:51:35 | Window: Active | Python: Running (PID: 15240)
[2026-02-04 13:51:50] [DEBUG] Check: 13:51:50 | Window: Active | Python: Running (PID: 15240)
[2026-02-04 13:52:05] [DEBUG] Check: 13:52:05 | Window: Active | Python: Running (PID: 15240)
[2026-02-04 13:52:20] [DEBUG] Check: 13:52:20 | Window: Active | Python: Running (PID: 15240)
[2026-02-04 13:52:35] [DEBUG] Check: 13:52:35 | Window: Active | Python: Running (PID: 15240)
[2026-02-04 13:52:50] [DEBUG] Check: 13:52:50 | Window: Active | Python: Running (PID: 15240)
[2026-02-04 13:53:05] [DEBUG] Check: 13:53:05 | Window: Active | Python: Running (PID: 15240)
[2026-02-04 13:53:21] [DEBUG] Check: 13:53:20 | Window: Active | Python: Running (PID: 15240)
[2026-02-04 13:53:36] [DEBUG] Check: 13:53:36 | Window: Active | Python: Running (PID: 15240)
[2026-02-04 13:53:51] [DEBUG] Check: 13:53:51 | Window: Active | Python: Running (PID: 15240)
[2026-02-04 13:54:06] [DEBUG] Check: 13:54:06 | Window: Active | Python: Running (PID: 15240)
[2026-02-04 13:54:21] [DEBUG] Check: 13:54:21 | Window: Active | Python: Running (PID: 15240)
[2026-02-04 13:54:36] [DEBUG] Check: 13:54:36 | Window: Active | Python: Running (PID: 15240)
[2026-02-04 13:54:51] [DEBUG] Check: 13:54:51 | Window: Active | Python: Running (PID: 15240)
[2026-02-04 13:55:06] [DEBUG] Check: 13:55:06 | Window: Active | Python: Running (PID: 15240)
[2026-02-04 13:55:21] [DEBUG] Check: 13:55:21 | Window: Active | Python: Running (PID: 15240)
[2026-02-04 13:55:37] [DEBUG] Check: 13:55:37 | Window: Active | Python: Running (PID: 15240)
[2026-02-04 13:55:52] [DEBUG] Check: 13:55:52 | Window: Active | Python: Running (PID: 15240)
[2026-02-04 13:56:07] [DEBUG] Check: 13:56:07 | Window: Active | Python: Running (PID: 15240)
[2026-02-04 13:56:22] [DEBUG] Check: 13:56:22 | Window: Active | Python: Running (PID: 15240)
[2026-02-04 13:56:37] [DEBUG] Check: 13:56:37 | Window: Active | Python: Running (PID: 15240)
[2026-02-04 13:56:52] [DEBUG] Check: 13:56:52 | Window: Active | Python: Running (PID: 15240)
[2026-02-04 13:57:07] [DEBUG] Check: 13:57:07 | Window: Active | Python: Running (PID: 15240)
[2026-02-04 13:57:23] [DEBUG] Check: 13:57:23 | Window: Active | Python: Running (PID: 15240)
[2026-02-04 13:57:38] [DEBUG] Check: 13:57:38 | Window: Active | Python: Running (PID: 15240)
[2026-02-04 13:57:53] [DEBUG] Check: 13:57:53 | Window: Active | Python: Running (PID: 15240)
[2026-02-04 13:58:08] [DEBUG] Check: 13:58:08 | Window: Active | Python: Running (PID: 15240)
[2026-02-04 13:58:23] [DEBUG] Check: 13:58:23 | Window: Active | Python: Running (PID: 15240)
[2026-02-04 13:58:38] [DEBUG] Check: 13:58:38 | Window: Active | Python: Running (PID: 15240)
[2026-02-04 13:58:53] [DEBUG] Check: 13:58:53 | Window: Active | Python: Running (PID: 15240)
[2026-02-04 13:59:08] [DEBUG] Check: 13:59:08 | Window: Active | Python: Running (PID: 15240)
[2026-02-04 13:59:23] [DEBUG] Check: 13:59:23 | Window: Active | Python: Running (PID: 15240)
[2026-02-04 13:59:39] [DEBUG] Check: 13:59:39 | Window: Active | Python: Running (PID: 15240)
[2026-02-04 13:59:54] [DEBUG] Check: 13:59:54 | Window: Active | Python: Running (PID: 15240)
[2026-02-04 14:00:09] [DEBUG] Check: 14:00:09 | Window: Active | Python: Running (PID: 15240)
[2026-02-04 14:00:24] [DEBUG] Check: 14:00:24 | Window: Active | Python: Running (PID: 15240)
[2026-02-04 14:00:39] [DEBUG] Check: 14:00:39 | Window: Active | Python: Running (PID: 15240)
[2026-02-04 14:00:54] [DEBUG] Check: 14:00:54 | Window: Active | Python: Running (PID: 15240)
[2026-02-04 14:01:09] [DEBUG] Check: 14:01:09 | Window: Active | Python: Running (PID: 15240)
[2026-02-04 14:01:24] [DEBUG] Check: 14:01:24 | Window: Active | Python: Running (PID: 15240)
[2026-02-04 14:01:39] [DEBUG] Check: 14:01:39 | Window: Active | Python: Running (PID: 15240)
[2026-02-04 14:01:54] [DEBUG] Check: 14:01:54 | Window: Active | Python: Running (PID: 15240)
[2026-02-04 14:02:09] [DEBUG] Check: 14:02:09 | Window: Active | Python: Running (PID: 15240)
[2026-02-04 14:02:25] [DEBUG] Check: 14:02:25 | Window: Active | Python: Running (PID: 15240)
[2026-02-04 14:02:40] [DEBUG] Check: 14:02:40 | Window: Active | Python: Running (PID: 15240)
[2026-02-04 14:02:55] [DEBUG] Check: 14:02:55 | Window: Active | Python: Running (PID: 15240)
[2026-02-04 14:03:10] [DEBUG] Check: 14:03:10 | Window: Active | Python: Running (PID: 15240)
[2026-02-04 14:03:25] [DEBUG] Check: 14:03:25 | Window: Active | Python: Running (PID: 15240)
[2026-02-04 14:03:40] [DEBUG] Check: 14:03:40 | Window: Active | Python: Running (PID: 15240)
[2026-02-04 14:03:55] [DEBUG] Check: 14:03:55 | Window: Active | Python: Running (PID: 15240)
[2026-02-04 14:04:10] [DEBUG] Check: 14:04:10 | Window: Active | Python: Running (PID: 15240)
[2026-02-04 14:04:25] [DEBUG] Check: 14:04:25 | Window: Active | Python: Running (PID: 15240)
[2026-02-04 14:04:41] [DEBUG] Check: 14:04:40 | Window: Active | Python: Running (PID: 15240)
[2026-02-04 14:04:56] [DEBUG] Check: 14:04:56 | Window: Active | Python: Running (PID: 15240)
[2026-02-04 14:05:11] [DEBUG] Check: 14:05:11 | Window: Active | Python: Running (PID: 15240)
[2026-02-04 14:05:26] [DEBUG] Check: 14:05:26 | Window: Active | Python: Running (PID: 15240)
[2026-02-04 14:05:41] [DEBUG] Check: 14:05:41 | Window: Active | Python: Running (PID: 15240)
[2026-02-04 14:05:56] [DEBUG] Check: 14:05:56 | Window: Active | Python: Running (PID: 15240)
[2026-02-04 14:06:11] [DEBUG] Check: 14:06:11 | Window: Active | Python: Running (PID: 15240)
[2026-02-04 14:06:26] [DEBUG] Check: 14:06:26 | Window: Active | Python: Running (PID: 15240)
[2026-02-04 14:06:42] [DEBUG] Check: 14:06:42 | Window: Active | Python: Running (PID: 15240)
[2026-02-04 14:06:57] [DEBUG] Check: 14:06:57 | Window: Active | Python: Running (PID: 15240)
[2026-02-04 14:07:12] [DEBUG] Check: 14:07:12 | Window: Active | Python: Running (PID: 15240)
[2026-02-04 14:07:27] [DEBUG] Check: 14:07:27 | Window: Active | Python: Running (PID: 15240)
[2026-02-04 14:07:42] [DEBUG] Check: 14:07:42 | Window: Active | Python: Running (PID: 15240)
[2026-02-04 14:07:57] [DEBUG] Check: 14:07:57 | Window: Active | Python: Running (PID: 15240)
[2026-02-04 14:08:12] [DEBUG] Check: 14:08:12 | Window: Active | Python: Running (PID: 15240)
[2026-02-04 14:08:28] [DEBUG] Check: 14:08:28 | Window: Active | Python: Running (PID: 15240)
[2026-02-04 14:08:43] [DEBUG] Check: 14:08:43 | Window: Active | Python: Running (PID: 15240)
[2026-02-04 14:08:58] [DEBUG] Check: 14:08:58 | Window: Active | Python: Running (PID: 15240)
[2026-02-04 14:09:13] [DEBUG] Check: 14:09:13 | Window: Active | Python: Running (PID: 15240)
[2026-02-04 14:09:28] [DEBUG] Check: 14:09:28 | Window: Active | Python: Running (PID: 15240)
[2026-02-04 14:09:43] [DEBUG] Check: 14:09:43 | Window: Active | Python: Running (PID: 15240)
[2026-02-04 14:09:58] [DEBUG] Check: 14:09:58 | Window: Active | Python: Running (PID: 15240)
[2026-02-04 14:10:13] [DEBUG] Check: 14:10:13 | Window: Active | Python: Running (PID: 15240)
[2026-02-04 14:10:28] [DEBUG] Check: 14:10:28 | Window: Active | Python: Running (PID: 15240)
[2026-02-04 14:10:44] [DEBUG] Check: 14:10:44 | Window: Active | Python: Running (PID: 15240)
[2026-02-04 14:10:59] [DEBUG] Check: 14:10:59 | Window: Active | Python: Running (PID: 15240)
[2026-02-04 14:11:14] [DEBUG] Check: 14:11:14 | Window: Active | Python: Running (PID: 15240)
[2026-02-04 14:11:29] [DEBUG] Check: 14:11:29 | Window: Active | Python: Running (PID: 15240)
[2026-02-04 14:11:44] [DEBUG] Check: 14:11:44 | Window: Active | Python: Running (PID: 15240)
[2026-02-04 14:11:59] [DEBUG] Check: 14:11:59 | Window: Active | Python: Running (PID: 15240)
[2026-02-04 14:12:14] [DEBUG] Check: 14:12:14 | Window: Active | Python: Running (PID: 15240)
[2026-02-04 14:12:29] [DEBUG] Check: 14:12:29 | Window: Active | Python: Running (PID: 15240)
[2026-02-04 14:12:44] [DEBUG] Check: 14:12:44 | Window: Active | Python: Running (PID: 15240)
[2026-02-04 14:12:59] [DEBUG] Check: 14:12:59 | Window: Active | Python: Running (PID: 15240)
[2026-02-04 14:13:15] [DEBUG] Check: 14:13:15 | Window: Active | Python: Running (PID: 15240)
[2026-02-04 14:13:30] [DEBUG] Check: 14:13:30 | Window: Active | Python: Running (PID: 15240)
[2026-02-04 14:13:45] [DEBUG] Check: 14:13:45 | Window: Active | Python: Running (PID: 15240)
[2026-02-04 14:14:00] [DEBUG] Check: 14:14:00 | Window: Active | Python: Running (PID: 15240)
[2026-02-04 14:14:15] [DEBUG] Check: 14:14:15 | Window: Active | Python: Running (PID: 15240)
[2026-02-04 14:14:30] [DEBUG] Check: 14:14:30 | Window: Active | Python: Running (PID: 15240)
[2026-02-04 14:14:45] [DEBUG] Check: 14:14:45 | Window: Active | Python: Running (PID: 15240)
[2026-02-04 14:15:01] [DEBUG] Check: 14:15:00 | Window: Active | Python: Running (PID: 15240)
[2026-02-04 14:15:16] [DEBUG] Check: 14:15:16 | Window: Active | Python: Running (PID: 15240)
[2026-02-04 14:15:31] [DEBUG] Check: 14:15:31 | Window: Active | Python: Running (PID: 15240)
[2026-02-04 14:15:46] [DEBUG] Check: 14:15:46 | Window: Active | Python: Running (PID: 15240)
[2026-02-04 14:16:01] [DEBUG] Check: 14:16:01 | Window: Active | Python: Running (PID: 15240)
[2026-02-04 14:16:16] [DEBUG] Check: 14:16:16 | Window: Active | Python: Running (PID: 15240)
[2026-02-04 14:16:31] [DEBUG] Check: 14:16:31 | Window: Active | Python: Running (PID: 15240)
[2026-02-04 14:16:46] [DEBUG] Check: 14:16:46 | Window: Active | Python: Running (PID: 15240)
[2026-02-04 14:17:01] [DEBUG] Check: 14:17:01 | Window: Active | Python: Running (PID: 15240)
[2026-02-04 14:17:16] [DEBUG] Check: 14:17:16 | Window: Active | Python: Running (PID: 15240)
[2026-02-04 14:17:32] [DEBUG] Check: 14:17:32 | Window: Active | Python: Running (PID: 15240)
[2026-02-04 14:17:47] [DEBUG] Check: 14:17:47 | Window: Active | Python: Running (PID: 15240)
[2026-02-04 14:18:02] [DEBUG] Check: 14:18:02 | Window: Active | Python: Running (PID: 15240)
[2026-02-04 14:18:17] [DEBUG] Check: 14:18:17 | Window: Active | Python: Running (PID: 15240)
[2026-02-04 14:18:32] [DEBUG] Check: 14:18:32 | Window: Active | Python: Running (PID: 15240)
[2026-02-04 14:18:47] [DEBUG] Check: 14:18:47 | Window: Active | Python: Running (PID: 15240)
[2026-02-04 14:19:02] [DEBUG] Check: 14:19:02 | Window: Active | Python: Running (PID: 15240)
[2026-02-04 14:19:18] [DEBUG] Check: 14:19:18 | Window: Active | Python: Running (PID: 15240)
[2026-02-04 14:19:33] [DEBUG] Check: 14:19:33 | Window: Active | Python: Running (PID: 15240)
[2026-02-04 14:19:48] [DEBUG] Check: 14:19:48 | Window: Active | Python: Running (PID: 15240)
[2026-02-04 14:20:03] [DEBUG] Check: 14:20:03 | Window: Active | Python: Running (PID: 15240)
[2026-02-04 14:20:18] [DEBUG] Check: 14:20:18 | Window: Active | Python: Running (PID: 15240)
[2026-02-04 14:20:33] [DEBUG] Check: 14:20:33 | Window: Active | Python: Running (PID: 15240)
[2026-02-04 14:20:48] [DEBUG] Check: 14:20:48 | Window: Active | Python: Running (PID: 15240)
[2026-02-04 14:21:03] [DEBUG] Check: 14:21:03 | Window: Active | Python: Running (PID: 15240)
[2026-02-04 14:21:18] [DEBUG] Check: 14:21:18 | Window: Active | Python: Running (PID: 15240)
[2026-02-04 14:21:34] [DEBUG] Check: 14:21:34 | Window: Active | Python: Running (PID: 15240)
[2026-02-04 14:21:49] [DEBUG] Check: 14:21:49 | Window: Active | Python: Running (PID: 15240)
[2026-02-04 14:22:04] [DEBUG] Check: 14:22:04 | Window: Active | Python: Running (PID: 15240)
[2026-02-04 14:22:19] [DEBUG] Check: 14:22:19 | Window: Active | Python: Running (PID: 15240)
[2026-02-04 14:22:34] [DEBUG] Check: 14:22:34 | Window: Active | Python: Running (PID: 15240)
[2026-02-04 14:22:49] [DEBUG] Check: 14:22:49 | Window: Active | Python: Running (PID: 15240)
[2026-02-04 14:23:04] [DEBUG] Check: 14:23:04 | Window: Active | Python: Running (PID: 15240)
[2026-02-04 14:23:19] [DEBUG] Check: 14:23:19 | Window: Active | Python: Running (PID: 15240)
[2026-02-04 14:23:34] [DEBUG] Check: 14:23:34 | Window: Active | Python: Running (PID: 15240)
[2026-02-04 14:23:49] [DEBUG] Check: 14:23:49 | Window: Active | Python: Running (PID: 15240)
[2026-02-04 14:24:04] [DEBUG] Check: 14:24:04 | Window: Active | Python: Running (PID: 15240)
[2026-02-04 14:24:19] [DEBUG] Check: 14:24:19 | Window: Active | Python: Running (PID: 15240)
[2026-02-04 14:24:35] [DEBUG] Check: 14:24:35 | Window: Active | Python: Running (PID: 15240)
[2026-02-04 14:24:50] [DEBUG] Check: 14:24:50 | Window: Active | Python: Running (PID: 15240)
[2026-02-04 14:25:05] [DEBUG] Check: 14:25:05 | Window: Active | Python: Running (PID: 15240)
[2026-02-04 14:25:20] [DEBUG] Check: 14:25:20 | Window: Active | Python: Running (PID: 15240)
[2026-02-04 14:25:35] [DEBUG] Check: 14:25:35 | Window: Active | Python: Running (PID: 15240)
[2026-02-04 14:25:50] [DEBUG] Check: 14:25:50 | Window: Active | Python: Running (PID: 15240)
[2026-02-04 14:26:05] [DEBUG] Check: 14:26:05 | Window: Active | Python: Running (PID: 15240)
[2026-02-04 14:26:20] [DEBUG] Check: 14:26:20 | Window: Active | Python: Running (PID: 15240)
[2026-02-04 14:26:35] [DEBUG] Check: 14:26:35 | Window: Active | Python: Running (PID: 15240)
[2026-02-04 14:26:51] [DEBUG] Check: 14:26:51 | Window: Active | Python: Running (PID: 15240)
[2026-02-04 14:27:06] [DEBUG] Check: 14:27:06 | Window: Active | Python: Running (PID: 15240)
[2026-02-04 14:27:21] [DEBUG] Check: 14:27:21 | Window: Active | Python: Running (PID: 15240)
[2026-02-04 14:27:36] [DEBUG] Check: 14:27:36 | Window: Active | Python: Running (PID: 15240)
[2026-02-04 14:27:51] [DEBUG] Check: 14:27:51 | Window: Active | Python: Running (PID: 15240)
[2026-02-04 14:28:06] [DEBUG] Check: 14:28:06 | Window: Active | Python: Running (PID: 15240)
[2026-02-04 14:28:21] [DEBUG] Check: 14:28:21 | Window: Active | Python: Running (PID: 15240)
[2026-02-04 14:28:36] [DEBUG] Check: 14:28:36 | Window: Active | Python: Running (PID: 15240)
[2026-02-04 14:28:51] [DEBUG] Check: 14:28:51 | Window: Active | Python: Running (PID: 15240)
[2026-02-04 14:29:06] [DEBUG] Check: 14:29:06 | Window: Active | Python: Running (PID: 15240)
[2026-02-04 14:29:21] [DEBUG] Check: 14:29:21 | Window: Active | Python: Running (PID: 15240)
[2026-02-04 14:29:36] [DEBUG] Check: 14:29:36 | Window: Active | Python: Running (PID: 15240)
[2026-02-04 14:29:52] [DEBUG] Check: 14:29:52 | Window: Active | Python: Running (PID: 15240)
[2026-02-04 14:30:07] [DEBUG] Check: 14:30:07 | Window: Active | Python: Running (PID: 15240)
[2026-02-04 14:30:22] [DEBUG] Check: 14:30:22 | Window: Active | Python: Running (PID: 15240)
[2026-02-04 14:30:37] [DEBUG] Check: 14:30:37 | Window: Active | Python: Running (PID: 15240)
[2026-02-04 14:30:52] [DEBUG] Check: 14:30:52 | Window: Active | Python: Running (PID: 15240)
[2026-02-04 14:31:07] [DEBUG] Check: 14:31:07 | Window: Active | Python: Running (PID: 15240)
[2026-02-04 14:31:22] [DEBUG] Check: 14:31:22 | Window: Active | Python: Running (PID: 15240)
[2026-02-04 14:31:37] [DEBUG] Check: 14:31:37 | Window: Active | Python: Running (PID: 15240)
[2026-02-04 14:31:52] [DEBUG] Check: 14:31:52 | Window: Active | Python: Running (PID: 15240)
[2026-02-04 14:32:07] [DEBUG] Check: 14:32:07 | Window: Active | Python: Running (PID: 15240)
[2026-02-04 14:32:22] [DEBUG] Check: 14:32:22 | Window: Active | Python: Running (PID: 15240)
[2026-02-04 14:32:37] [DEBUG] Check: 14:32:37 | Window: Active | Python: Running (PID: 15240)
[2026-02-04 14:32:52] [DEBUG] Check: 14:32:52 | Window: Active | Python: Running (PID: 15240)
[2026-02-04 14:33:08] [DEBUG] Check: 14:33:08 | Window: Active | Python: Running (PID: 15240)
[2026-02-04 14:33:23] [DEBUG] Check: 14:33:23 | Window: Active | Python: Running (PID: 15240)
[2026-02-04 14:33:38] [DEBUG] Check: 14:33:38 | Window: Active | Python: Running (PID: 15240)
[2026-02-04 14:33:53] [DEBUG] Check: 14:33:53 | Window: Active | Python: Running (PID: 15240)
[2026-02-04 14:34:08] [DEBUG] Check: 14:34:08 | Window: Active | Python: Running (PID: 15240)
[2026-02-04 14:34:23] [DEBUG] Check: 14:34:23 | Window: Active | Python: Running (PID: 15240)
[2026-02-04 14:34:38] [DEBUG] Check: 14:34:38 | Window: Active | Python: Running (PID: 15240)
[2026-02-04 14:34:53] [DEBUG] Check: 14:34:53 | Window: Active | Python: Running (PID: 15240)
[2026-02-04 14:35:08] [DEBUG] Check: 14:35:08 | Window: Active | Python: Running (PID: 15240)
[2026-02-04 14:35:23] [DEBUG] Check: 14:35:23 | Window: Active | Python: Running (PID: 15240)
[2026-02-04 14:35:38] [DEBUG] Check: 14:35:38 | Window: Active | Python: Running (PID: 15240)
[2026-02-04 14:35:53] [DEBUG] Check: 14:35:53 | Window: Active | Python: Running (PID: 15240)
[2026-02-04 14:36:08] [DEBUG] Check: 14:36:08 | Window: Active | Python: Running (PID: 15240)
[2026-02-04 14:36:24] [DEBUG] Check: 14:36:24 | Window: Active | Python: Running (PID: 15240)
[2026-02-04 14:36:39] [DEBUG] Check: 14:36:39 | Window: Active | Python: Running (PID: 15240)
[2026-02-04 14:36:54] [DEBUG] Check: 14:36:54 | Window: Active | Python: Running (PID: 15240)
[2026-02-04 14:37:09] [DEBUG] Check: 14:37:09 | Window: Active | Python: Running (PID: 15240)
[2026-02-04 14:37:24] [DEBUG] Check: 14:37:24 | Window: Active | Python: Running (PID: 15240)
[2026-02-04 14:37:39] [DEBUG] Check: 14:37:39 | Window: Active | Python: Running (PID: 15240)
[2026-02-04 14:37:54] [DEBUG] Check: 14:37:54 | Window: Active | Python: Running (PID: 15240)
[2026-02-04 14:38:09] [DEBUG] Check: 14:38:09 | Window: Active | Python: Running (PID: 15240)
[2026-02-04 14:38:24] [DEBUG] Check: 14:38:24 | Window: Active | Python: Running (PID: 15240)
[2026-02-04 14:38:39] [DEBUG] Check: 14:38:39 | Window: Active | Python: Running (PID: 15240)
[2026-02-04 14:38:54] [DEBUG] Check: 14:38:54 | Window: Active | Python: Running (PID: 15240)
[2026-02-04 14:39:09] [DEBUG] Check: 14:39:09 | Window: Active | Python: Running (PID: 15240)
[2026-02-04 14:39:25] [DEBUG] Check: 14:39:25 | Window: Active | Python: Running (PID: 15240)
[2026-02-04 14:39:40] [DEBUG] Check: 14:39:40 | Window: Active | Python: Running (PID: 15240)
[2026-02-04 14:39:55] [DEBUG] Check: 14:39:55 | Window: Active | Python: Running (PID: 15240)
[2026-02-04 14:40:10] [DEBUG] Check: 14:40:10 | Window: Active | Python: Running (PID: 15240)
[2026-02-04 14:40:25] [DEBUG] Check: 14:40:25 | Window: Active | Python: Running (PID: 15240)
[2026-02-04 14:40:40] [DEBUG] Check: 14:40:40 | Window: Active | Python: Running (PID: 15240)
[2026-02-04 14:40:55] [DEBUG] Check: 14:40:55 | Window: Active | Python: Running (PID: 15240)
[2026-02-04 14:41:10] [DEBUG] Check: 14:41:10 | Window: Active | Python: Running (PID: 15240)
[2026-02-04 14:41:25] [DEBUG] Check: 14:41:25 | Window: Active | Python: Running (PID: 15240)
[2026-02-04 14:41:41] [DEBUG] Check: 14:41:40 | Window: Active | Python: Running (PID: 15240)
[2026-02-04 14:41:56] [DEBUG] Check: 14:41:56 | Window: Active | Python: Running (PID: 15240)
[2026-02-04 14:42:11] [DEBUG] Check: 14:42:11 | Window: Active | Python: Running (PID: 15240)
[2026-02-04 14:42:26] [DEBUG] Check: 14:42:26 | Window: Active | Python: Running (PID: 15240)
[2026-02-04 14:42:41] [DEBUG] Check: 14:42:41 | Window: Active | Python: Running (PID: 15240)
[2026-02-04 14:42:56] [DEBUG] Check: 14:42:56 | Window: Active | Python: Running (PID: 15240)
[2026-02-04 14:43:11] [DEBUG] Check: 14:43:11 | Window: Active | Python: Running (PID: 15240)
[2026-02-04 14:43:26] [DEBUG] Check: 14:43:26 | Window: Active | Python: Running (PID: 15240)
[2026-02-04 14:43:41] [DEBUG] Check: 14:43:41 | Window: Active | Python: Running (PID: 15240)
[2026-02-04 14:43:56] [DEBUG] Check: 14:43:56 | Window: Active | Python: Running (PID: 15240)
[2026-02-04 14:44:12] [DEBUG] Check: 14:44:12 | Window: Active | Python: Running (PID: 15240)
[2026-02-04 14:44:27] [DEBUG] Check: 14:44:27 | Window: Active | Python: Running (PID: 15240)
[2026-02-04 14:44:42] [DEBUG] Check: 14:44:42 | Window: Active | Python: Running (PID: 15240)
[2026-02-04 14:44:57] [DEBUG] Check: 14:44:57 | Window: Active | Python: Running (PID: 15240)
[2026-02-04 14:45:12] [DEBUG] Check: 14:45:12 | Window: Active | Python: Running (PID: 15240)
[2026-02-04 14:45:27] [DEBUG] Check: 14:45:27 | Window: Active | Python: Running (PID: 15240)
[2026-02-04 14:45:42] [DEBUG] Check: 14:45:42 | Window: Active | Python: Running (PID: 15240)
[2026-02-04 14:45:57] [DEBUG] Check: 14:45:57 | Window: Active | Python: Running (PID: 15240)
[2026-02-04 14:46:12] [DEBUG] Check: 14:46:12 | Window: Active | Python: Running (PID: 15240)
[2026-02-04 14:46:28] [DEBUG] Check: 14:46:28 | Window: Active | Python: Running (PID: 15240)
[2026-02-04 14:46:43] [DEBUG] Check: 14:46:43 | Window: Active | Python: Running (PID: 15240)
[2026-02-04 14:46:58] [DEBUG] Check: 14:46:58 | Window: Active | Python: Running (PID: 15240)
[2026-02-04 14:47:13] [DEBUG] Check: 14:47:13 | Window: Active | Python: Running (PID: 15240)
[2026-02-04 14:47:28] [DEBUG] Check: 14:47:28 | Window: Active | Python: Running (PID: 15240)
[2026-02-04 14:47:43] [DEBUG] Check: 14:47:43 | Window: Active | Python: Running (PID: 15240)
[2026-02-04 14:47:58] [DEBUG] Check: 14:47:58 | Window: Active | Python: Running (PID: 15240)
[2026-02-04 14:48:13] [DEBUG] Check: 14:48:13 | Window: Active | Python: Running (PID: 15240)
[2026-02-04 14:48:28] [DEBUG] Check: 14:48:28 | Window: Active | Python: Running (PID: 15240)
[2026-02-04 14:48:43] [DEBUG] Check: 14:48:43 | Window: Active | Python: Running (PID: 15240)
[2026-02-04 14:48:59] [DEBUG] Check: 14:48:59 | Window: Active | Python: Running (PID: 15240)
[2026-02-04 14:49:14] [DEBUG] Check: 14:49:14 | Window: Active | Python: Running (PID: 15240)
[2026-02-04 14:49:29] [DEBUG] Check: 14:49:29 | Window: Active | Python: Running (PID: 15240)
[2026-02-04 14:49:44] [DEBUG] Check: 14:49:44 | Window: Active | Python: Running (PID: 15240)
[2026-02-04 14:49:59] [DEBUG] Check: 14:49:59 | Window: Active | Python: Running (PID: 15240)
[2026-02-04 14:50:14] [DEBUG] Check: 14:50:14 | Window: Active | Python: Running (PID: 15240)
[2026-02-04 14:50:29] [DEBUG] Check: 14:50:29 | Window: Active | Python: Running (PID: 15240)
[2026-02-04 14:50:44] [DEBUG] Check: 14:50:44 | Window: Active | Python: Running (PID: 15240)
[2026-02-04 14:50:59] [DEBUG] Check: 14:50:59 | Window: Active | Python: Running (PID: 15240)
[2026-02-04 14:51:14] [DEBUG] Check: 14:51:14 | Window: Active | Python: Running (PID: 15240)
[2026-02-04 14:51:29] [DEBUG] Check: 14:51:29 | Window: Active | Python: Running (PID: 15240)
[2026-02-04 14:51:44] [DEBUG] Check: 14:51:44 | Window: Active | Python: Running (PID: 15240)
[2026-02-04 14:52:00] [DEBUG] Check: 14:52:00 | Window: Inactive | Python: Running (PID: 15240)
[2026-02-04 14:52:00] [INFO] End time reached - stopping processes...
[2026-02-04 14:52:00] [INFO] Stopping Python process (PID: 15240)...
[2026-02-04 14:52:02] [WARN] Forcefully terminating Python process...
[2026-02-04 14:52:03] [SUCCESS] Python process terminated
[2026-02-04 14:52:03] [INFO] Stopping worker process (PID: 28484)...
[2026-02-04 14:52:05] [SUCCESS] Worker process exited gracefully
[2026-02-04 14:52:05] [DEBUG] Removed PID tracking file
[2026-02-04 14:52:05] [INFO] Stopped processes: Python, Worker
[2026-02-04 14:52:05] [INFO] Waiting for output generation...
[2026-02-04 14:52:15] [INFO] Validating worker output...
[2026-02-04 14:52:15] [INFO] Validating face recognition output structure...
[2026-02-04 14:52:15] [INFO] Validating folder structure for: TowerCPU_Process_MaskDetect_2026-02-04_10-09-40
[2026-02-04 14:52:15] [DEBUG] Found subfolder: logs
[2026-02-04 14:52:15] [DEBUG] Found subfolder: script_output
[2026-02-04 14:52:15] [DEBUG] Metadata file is valid JSON
[2026-02-04 14:52:15] [DEBUG] Metadata file size: 1.36 KB
[2026-02-04 14:52:15] [DEBUG] Found 3 log files
[2026-02-04 14:52:15] [DEBUG] completion_summary.txt size: 4.47 KB
[2026-02-04 14:52:15] [DEBUG] python_output.txt size: 5450.53 KB
[2026-02-04 14:52:15] [DEBUG] Latest run log: run_2026-02-04_10-09-40.log (3.08 KB)
[2026-02-04 14:52:15] [DEBUG] Script output contains 2 items
[2026-02-04 14:52:15] [DEBUG] Total folder size: 5.33 MB
[2026-02-04 14:52:15] [DEBUG] Total attachment size: 0.01 MB
[2026-02-04 14:52:15] [SUCCESS] VALIDATION SUCCESS: Folder structure complete
[2026-02-04 14:52:15] [SUCCESS]   - Path: C:\raihan\dokumen\project\faceRecog\ProjectKnowledgeBase\active\logs-running\towerCPU\TowerCPU_Process_MaskDetect_2026-02-04_10-09-40
[2026-02-04 14:52:15] [SUCCESS]   - Created: 02/04/2026 10:09:40
[2026-02-04 14:52:16] [SUCCESS]   - Size: 5.33 MB
[2026-02-04 14:52:16] [SUCCESS]   - Attachments: 0.01 MB
[2026-02-04 14:52:16] [WARN] Email configuration is invalid. Skipping email notification.
[2026-02-04 14:52:16] [SUCCESS] Face recognition pipeline completed successfully!
[2026-02-04 14:52:16] [INFO] Process completed. Stopping monitor as configured...
[2026-02-04 14:52:16] [INFO] Cleaning up...
[2026-02-04 14:52:16] [INFO] === Face Recognition Monitor Stopped ===
